name,refs,radius,onePixelDist,lodCount,verts0,tris0,verts1,tris1,verts2,tris2,verts3,tris3,verts4,tris4,verts5,tris5,verts6,tris6,verts7,tris7
km_vending_nuke_vm,2,159.54,205911.31,5,2979,2542,4544,4359,8187,9082,13808,18164,23490,36322
km_vending_nuke_on_vm,1,159.54,205911.31,5,2979,2542,4544,4359,8187,9082,13808,18164,23490,36322
wpn_t7_zmb_perk_bottle_2tap_view,1,18.08,23334.41,1,3438,5604
wpn_t7_zmb_perk_bottle_cherry_view,1,18.08,23334.41,1,3438,5604
wpn_t7_zmb_perk_bottle_ds_view,1,18.08,23334.41,1,3438,5604
wpn_t7_zmb_perk_bottle_jugg_view,1,18.08,23334.41,1,3438,5604
wpn_t7_zmb_perk_bottle_mule_view,1,18.08,23334.41,1,3438,5604
wpn_t7_zmb_perk_bottle_rev_view,1,18.08,23334.41,1,3438,5604
wpn_t7_zmb_perk_bottle_speed_view,1,18.08,23334.41,1,3438,5604
wpn_t7_zmb_perk_bottle_stimup_view,1,18.08,23334.41,1,3438,5604
wpn_t7_zmb_perk_bottle_wido_view,5,18.08,23334.41,1,3438,5604
wpn_t7_zmb_perk_bottle_powerup_view,1,18.08,23334.41,1,3438,5604
tag_origin,1,0.20,263.72,1,24,12
zm_asylum_bonfire_ritual_circle_ee_ver,1,235.15,303501.28,8,4,2,4,2,4,2,4,2,4,2,4,2,4,2,4,2
p8_anim_zm_chaos_magic_box_skull,1,85.42,110247.09,1,6242,8694
p8_anim_zm_al_magic_box_lock_red,1,25.32,32676.89,1,2636,3009
p7_zm_ori_magic_box_base_light_on_green,1,56.02,72305.72,1,61,100
p7_zm_ori_magic_box_base_light_on_red,1,56.02,72305.72,1,61,100
p7_zm_zod_magic_box_tentacle_teddy,1,26.10,33681.77,1,5371,6239
p9_sur_machine_quick_revive_off,1,151.60,195661.66,1,19273,28110
p9_sur_machine_quick_revive,1,151.60,195661.66,1,19272,28110
p9_sur_machine_juggernog,1,186.42,240607.25,1,22280,27210
p9_sur_machine_juggernog_off,1,186.42,240607.25,1,22282,27210
p9_sur_machine_speed_cola,1,183.59,236958.67,1,23146,32786
p9_sur_machine_speed_cola_off,1,183.59,236958.67,1,23146,32786
p9_fxanim_zm_gp_speed_cola_lava_xmodel,1,114.32,147543.83,1,8245,12048
p9_sur_vending_ads_off,1,182.57,235640.73,1,64217,82126
p9_sur_vending_ads,1,182.57,235640.73,1,64217,82126
p9_sur_machine_staminup,1,158.81,204969.16,1,27004,34917
p9_sur_machine_staminup_off,1,158.81,204969.16,1,27004,34917
wpn_t7_zmb_perk_bottle_nuke_view,1,18.08,23334.41,1,3533,6010
wpn_t7_zmb_perk_bottle_nuke_world,1,13.67,17646.15,8,30,20,50,33,79,60,139,120,196,223,344,436,391,516,933,1422
p9_sur_machine_phd_slider,1,166.47,214854.33,1,51985,67868
p9_sur_machine_phd_slider_off,1,166.47,214854.33,1,51985,67868
p9_sur_machine_mule_kick,1,202.50,261354.38,1,196179,252648
p9_sur_machine_mule_kick_off,1,202.50,261354.38,1,196179,252648
wpn_t7_zmb_perk_bottle_tombstone_view,1,18.08,23334.41,1,3533,6010
wpn_t7_zmb_perk_bottle_tombstone_world,1,13.67,17646.15,8,30,20,50,33,79,60,139,120,196,223,344,436,391,516,933,1422
p9_sur_machine_tombstone,1,190.65,246067.14,1,42111,53560
p9_sur_machine_tombstone_off,1,190.65,246067.14,1,42111,53560
ch_tombstone1,1,53.75,69366.84,1,82,88
p9_sur_machine_tombstone_grave,2,62.70,80919.59,1,11957,18592
wpn_t7_zmb_perk_bottle_whoswho_view,1,18.08,23334.41,1,3438,5604
wpn_t7_zmb_perk_bottle_whoswho_world,1,13.67,17646.15,8,30,20,50,33,79,60,139,120,196,223,344,436,391,516,933,1422
p6_zm_vending_chugabud,1,190.34,245663.81,1,2601,3494
p7_gib_chunk_meat_01,1,8.37,10799.08,8,28,16,28,16,28,16,28,16,34,22,59,45,84,75,125,150
p6_zm_vending_electric_cherry,1,133.10,171792.61,1,3842,3651
wpn_t7_zmb_perk_bottle_vultureaid_view,1,18.08,23334.41,1,3438,5604
wpn_t7_zmb_perk_bottle_vultureaid_world,1,13.67,17646.15,8,30,20,50,33,79,60,139,120,196,223,344,436,391,516,933,1422
xela_perk_vulture_aid,1,164.62,212464.48,1,17566,23735
xela_perk_vulture_aid_off,1,164.62,212464.48,1,17566,23735
p6_zm_perk_vulture_ammo,1,13.70,17685.64,1,519,609
p6_zm_perk_vulture_points,1,12.04,15541.42,1,265,378
p9_sur_machine_elemental_pop_off,1,168.43,217391.89,1,65721,89426
p9_sur_machine_elemental_pop,1,168.43,217391.89,1,65721,89426
wpn_t7_zmb_perk_bottle_elemental_pop_view,1,18.08,23334.42,1,3533,6010
wpn_t7_zmb_perk_bottle_elemental_pop_world,1,13.67,17646.15,8,30,20,50,33,79,60,139,120,196,223,344,436,391,516,933,1422
p7_fxp_electric_arc_01,1,68.26,88106.84,8,26,16,26,16,26,16,31,20,45,38,84,76,125,124,256,256
p7_fxp_electric_arc_02,1,68.32,88175.38,8,19,16,19,16,19,16,19,16,25,22,44,42,72,74,124,148
p7_fxp_electric_arc_03,1,68.18,87997.93,1,136,140
p7_fxp_electric_arc_04,1,68.16,87976.76,1,108,108
wpn_t7_zmb_bow_base_view,1,85.20,109960.38,1,30199,39722
fx_axis_createfx,1,51.72,66746.93,4,44,16,44,16,60,26,112,50
wpn_t7_zmb_bow_base_world,1,53.73,69351.72,1,22689,32426
wpn_t7_zmb_bow_base_projectile,1,38.27,49399.20,1,1090,999
wpn_t7_zmb_bow_demon_view,1,85.20,109960.38,1,30199,39722
wpn_t7_zmb_bow_demon_world,2,53.73,69351.72,1,23733,33637
wpn_t7_zmb_bow_demon_projectile,1,38.27,49395.61,1,2190,2258
wpn_t7_zmb_bow_rune_view,1,85.20,109960.38,1,30199,39722
wpn_t7_zmb_bow_rune_world,2,53.73,69351.72,1,23063,32889
wpn_t7_zmb_bow_rune_projectile,1,38.28,49410.79,1,912,1190
wpn_t7_zmb_bow_storm_view,1,85.20,109960.38,1,30199,39722
wpn_t7_zmb_bow_storm_world,2,53.73,69351.72,1,23538,33219
wpn_t7_zmb_bow_storm_projectile,1,38.56,49769.10,1,1746,1604
wpn_t7_zmb_bow_wolf_view,1,85.20,109960.38,1,30199,39722
wpn_t7_zmb_bow_wolf_world,2,53.73,69351.72,1,23458,32931
wpn_t7_zmb_bow_wolf_projectile,1,38.29,49415.32,1,1915,1552
c_zom_zod_zombie_fem_body1_g_rarmspawn,1,10.92,14091.57,8,29,16,42,29,74,59,156,118,272,220,443,443,603,737,975,1477
p7_gib_chunk_meat_02,1,9.07,11706.89,8,24,16,24,16,24,16,24,16,24,16,40,31,64,52,92,104
p7_gib_chunk_meat_03,1,7.17,9249.88,8,27,15,27,15,27,15,27,15,34,21,58,45,87,74,122,150
p7_gib_chunk_flesh_01,1,5.90,7616.80,8,28,16,28,16,28,16,28,16,35,22,56,44,81,74,121,150
p7_gib_chunk_flesh_02,1,5.91,7622.39,8,28,16,28,16,28,16,28,16,30,20,53,41,86,68,158,137
p7_gib_chunk_flesh_03,1,4.86,6274.95,8,28,16,28,16,28,16,28,16,33,21,59,43,92,72,136,146
p7_gib_chunk_bone_01,1,5.09,6573.44,8,20,16,20,16,20,16,20,16,20,16,30,22,48,36,84,74
p7_gib_chunk_bone_02,1,3.59,4638.71,8,31,16,31,16,31,16,31,16,31,16,36,21,53,36,82,74
p7_gib_chunk_bone_03,1,4.87,6290.56,8,24,16,24,16,24,16,24,16,24,16,36,28,74,48,122,96
c_zom_zod_zombie_fem_body1_g_rlegspawn,1,15.88,20500.06,8,33,16,35,20,69,39,114,81,184,151,322,303,435,506,802,1013
c_zom_zod_zombie_fem_body1_g_larmspawn,1,10.92,14091.57,8,25,15,48,29,92,59,155,117,274,220,442,443,602,737,975,1477
c_zom_zod_zombie_fem_body1_g_llegspawn,1,15.88,20500.06,8,28,15,39,19,69,39,115,81,196,151,323,302,447,505,801,1013
c_zom_der_zombie_helmet1,1,13.37,17260.95,7,37,32,93,70,127,118,304,269,513,521,820,832,1333,1550
c_zom_der_zombie_body2,1,109.00,140685.31,7,575,433,918,764,1564,1424,2806,2977,5115,6004,9093,11176,14863,20389
c_zom_der_zombie_head1,1,37.08,47861.90,7,99,90,190,193,349,378,687,786,1249,1528,2238,2996,4163,6518
c_zom_der_zombie_head2,1,37.01,47765.27,7,88,91,167,189,306,385,524,769,1138,1520,2176,3074,4115,6674
c_zom_der_zombie_head3,1,37.89,48902.07,7,103,116,222,237,384,429,713,912,1377,1696,2672,3671,4887,7623
c_zom_der_zombie_body2_g_upclean,1,109.00,140685.31,7,406,291,631,471,1131,955,2044,2027,3662,4112,6790,7923,10624,13869
c_zom_der_zombie_body2_g_rarmoff,1,108.99,140674.42,7,339,230,524,390,945,788,1758,1713,3252,3543,6270,7122,10255,13217
c_zom_der_zombie_body2_g_larmoff,1,109.01,140690.83,7,376,260,578,416,1054,846,1922,1849,3472,3761,6641,7608,10676,13910
c_zom_der_zombie_body2_g_behead,1,25.40,32783.80,7,31,24,40,33,52,48,117,102,208,201,462,501,1188,1521
c_zom_der_zombie_body2_g_lowclean,1,65.73,84835.20,7,169,142,287,293,433,469,762,950,1453,1892,2303,3253,4239,6520
c_zom_der_zombie_body2_g_rlegoff,1,65.73,84841.80,7,174,129,252,244,340,336,573,686,1032,1295,1679,2257,3341,4957
c_zom_der_zombie_body2_g_llegoff,1,65.72,84822.46,7,162,127,248,238,366,368,656,758,1150,1441,1895,2562,3894,5857
c_zom_der_zombie_body2_g_blegsoff,1,37.84,48838.22,7,167,114,213,189,273,235,467,494,729,844,1271,1566,2998,4294
p7_fxanim_zm_bow_rune_prison_mod,1,107.28,138463.67,1,16105,13836
p7_fxanim_zm_bow_rune_prison_dissolve_mod,1,107.28,138463.67,1,16105,13836
c_zom_chomper,1,11.40,14719.05,1,3497,5639
rune_prison_death_skull,1,13.96,18013.75,1,1711,2123
p7_fxp_debris_metal_scrap_01,1,20.84,26898.86,4,26,16,62,41,62,41,321,374
p7_fxp_debris_metal_scrap_02,1,21.14,27288.64,4,25,16,42,26,42,26,350,380
c_zom_mech_body,1,164.39,212178.69,1,37123,46061
c_zom_mech_armor_knee_left,1,14.81,19120.47,1,216,180
c_zom_mech_armor_knee_right,1,14.82,19121.94,1,218,180
c_zom_mech_armor_shoulder_left,1,19.70,25425.32,1,239,285
c_zom_mech_armor_shoulder_right,1,19.74,25476.90,1,241,285
c_zom_mech_gun_barrel,1,48.09,62066.16,1,2889,2944
c_zom_mech_faceplate,1,29.93,38627.09,1,3341,3719
c_zom_mech_powersupply_cap,1,9.32,12026.64,1,231,295
c_t7_zm_dlchd_origins_mech_body,1,163.88,211511.14,1,29849,36709
c_t7_zm_dlchd_origins_mech_claw,1,28.47,36750.91,1,2358,2434
c_t7_zm_dlchd_origins_mech_faceplate,1,28.75,37109.61,1,3335,3820
p7_chemistry_kit_large_bottle,1,34.50,44524.34,8,28,16,28,16,33,20,66,42,108,80,169,162,238,272,388,544
p7_zm_ctl_115_grenade_broken,1,7.17,9253.12,1,5073,4029
p7_zm_ctl_115_grenade,1,12.18,15724.84,1,5524,4496
wpn_t7_grenade_german_m24_view,1,11.39,14702.02,1,640,724
wpn_t7_grenade_german_m24_world,1,13.61,17566.74,1,637,724
wpn_t7_grenade_german_m24_proj,1,15.31,19754.70,1,637,724
wpn_t7_xr2_view,1,33.13,42765.84,1,31618,31491
fx_rifle_shell,1,2.24,2891.67,1,63,58
fx_rifle_shell_blur,1,1.77,2281.42,1,63,58
wpn_t7_xr2_world,1,33.05,42662.53,1,31726,31489
attach_t7_xr2_mag_view,1,7.50,9677.04,1,2305,2384
attach_t7_xr2_mag_world,1,7.66,9884.58,1,2305,2384
wpn_t7_p08_view,1,43.84,56586.80,1,31623,37599
wpn_t7_p08_world,1,39.30,50720.41,8,845,391,1471,775,2472,1529,3101,2147,5647,4614,11523,10367,21761,21040,32155,37658
attach_t7_p08_scope_view,1,7.85,10135.62,1,6626,7653
attach_t7_p08_scope_ads_view,1,6.58,8488.52,1,2505,3300
attach_t7_p08_mag_view,1,6.28,8100.98,1,836,1124
attach_t7_p08_scope_world,1,7.07,9124.48,1,6516,7467
attach_t7_p08_mag_world,1,5.65,7292.81,1,550,822
wpn_t7_loot_smg_nailgun_view,1,25.65,33109.38,1,17864,19645
wpn_t7_loot_smg_nail_casing,1,4.18,5390.34,1,61,66
wpn_t7_loot_smg_nailgun_world,1,25.64,33096.93,1,15936,16871
wpn_t7_loot_smg_nailgun_mag_view,1,11.02,14219.94,1,999,1052
wpn_t7_loot_smg_nailgun_mag_world,1,10.13,13073.10,1,387,384
wpn_t7_loot_smg_nailgun_nail_world,1,3.51,4529.34,1,62,38
p7_fxp_debris_wood_splinter_01,1,1.88,2424.64,8,26,16,26,16,26,16,26,16,26,16,26,16,26,16,26,16
p7_fxp_debris_wood_splinter_02,1,3.71,4783.61,8,35,16,35,16,35,16,35,16,35,16,35,16,50,24,81,48
p7_fxp_debris_wood_splinter_03,1,5.90,7618.06,8,35,16,35,16,35,16,35,16,35,16,35,16,52,26,88,52
p7_fxp_debris_rock_01,1,2.57,3321.81,8,19,16,19,16,19,16,19,16,19,16,34,34,47,58,77,118
p7_fxp_debris_rock_02,1,3.06,3946.59,8,23,16,23,16,23,16,23,16,25,18,33,36,52,62,83,126
p7_fxp_debris_rock_03,1,4.84,6251.00,8,21,16,21,16,21,16,21,16,21,16,33,34,48,58,77,118
p7_debris_rockychunks_small_01,1,50.56,65261.19,6,30,16,30,16,30,16,30,16,48,26,68,52
p7_debris_rockychunks_small_12,1,26.84,34642.09,5,44,16,44,16,44,16,62,22,110,44
p7_fxp_debris_car_glass_shatter_01,1,0.67,866.09,8,32,16,32,16,32,16,32,16,32,16,32,16,32,16,36,20
p7_fxp_debris_car_glass_shatter_02,1,0.76,979.13,8,32,16,32,16,32,16,32,16,32,16,32,16,32,16,36,20
p7_fxp_debris_car_glass_shatter_03,1,0.72,928.26,8,24,12,24,12,24,12,24,12,24,12,24,12,24,12,24,12
wpn_t7_loot_smg_quad_view,1,27.81,35897.30,1,32036,39133
fx_pistol_shell,1,0.98,1265.24,2,42,36,45,38
fx_pistol_shell_blur,1,0.63,813.09,1,45,38
wpn_t7_loot_smg_quad_world,1,27.81,35897.30,1,32038,39133
wpn_t7_loot_smg_quad_mag_view,1,6.46,8337.48,1,2403,3854
wpn_t7_loot_smg_quad_mag_world,1,6.46,8337.48,1,2403,3854
fx_debris_stone_01,1,5.72,7381.60,1,39,48
fx_char_gib_chunk_fat,1,3.27,4223.38,1,97,114
fx_char_gib_chunk_meat01,1,8.37,10799.08,1,125,150
wpn_t7_loot_smg_ak74_view,1,35.37,45644.43,1,21908,28779
wpn_t7_loot_smg_ak74_world,1,35.37,45644.43,1,21932,28763
wpn_t7_loot_smg_ak74_mag_view,1,12.06,15562.48,1,2250,3162
wpn_t7_loot_smg_ak74_mag_world,1,12.06,15562.48,1,2038,2930
wpn_t7_loot_smg_msmc_view,1,22.87,29523.70,1,15817,18242
wpn_t7_loot_smg_msmc_world,1,22.87,29523.70,1,12978,14502
wpn_t7_loot_smg_msmc_mag_view,1,7.36,9504.24,1,579,652
wpn_t7_loot_smg_msmc_mag_world,1,7.20,9290.36,1,227,272
wpn_t7_loot_smg_sten_view,1,36.49,47090.10,1,14724,16934
wpn_t7_loot_smg_sten_world,1,36.49,47090.10,1,14724,16934
wpn_t7_loot_smg_sten_mag_view,1,9.80,12652.04,1,1690,1806
wpn_t7_loot_smg_sten_mag_world,1,9.80,12652.04,1,1690,1806
wpn_t7_loot_ar_pulse_view,1,47.46,61256.64,1,30467,41106
wpn_t7_loot_ar_pulse_world,1,45.09,58193.80,1,35131,46244
wpn_t7_loot_ar_pulse_mag_view,1,11.30,14578.53,1,6472,7410
wpn_t7_loot_ar_pulse_mag_world,1,5.73,7398.68,1,1806,2272
wpn_t7_loot_ar_m16_view,1,51.43,66380.27,1,12632,13260
wpn_t7_loot_ar_m16_world,1,47.11,60806.46,1,12594,13232
wpn_t7_loot_ar_m16_mag_view,1,4.88,6298.70,1,728,676
wpn_t7_loot_ar_m16_mag_world,1,4.88,6298.70,1,728,676
wpn_t7_loot_ar_galil_view,1,51.48,66437.24,1,14993,17393
wpn_t7_loot_ar_galil_world,1,43.75,56471.65,1,10987,11948
wpn_t7_loot_ar_galil_mag_view,1,10.52,13578.09,1,905,842
wpn_t7_loot_ar_galil_mag_world,1,8.98,11593.60,1,557,464
wpn_t7_loot_ar_an94_view,1,51.27,66176.98,1,30026,37330
wpn_t7_loot_ar_an94_world,1,51.27,66176.98,1,26420,31783
wpn_t7_loot_ar_an94_mag_view,1,9.15,11808.39,1,3625,5547
wpn_t7_loot_ar_an94_mag_world,1,9.15,11808.39,1,2722,4329
wpn_t7_loot_ar_m14_view,1,49.08,63339.95,1,20366,22756
wpn_t7_loot_ar_m14_world,1,48.38,62443.18,1,19097,21168
wpn_t7_loot_ar_m14_mag_view,1,7.59,9798.05,1,1204,1549
wpn_t7_loot_ar_m14_mag_world,1,7.59,9798.05,1,930,1147
wpn_t7_loot_shotgun_olympia_view,1,54.87,70819.10,1,13320,17343
wpn_t7_loot_shotgun_olympia_world,1,52.13,67278.15,1,12920,16895
wpn_t7_loot_lmg_infinite_view,1,44.53,57472.54,1,32083,37667
wpn_t7_loot_lmg_infinite_world,1,44.53,57468.41,1,26365,29212
wpn_t7_loot_lmg_rpk_view,1,64.63,83411.32,1,25998,32596
wpn_t7_loot_lmg_rpk_world,1,64.52,83276.11,1,26528,33153
wpn_t7_loot_lmg_rpk_stow_world,1,64.52,83276.11,1,23667,29571
wpn_t7_loot_lmg_rpk_mag_view,1,18.64,24052.63,1,2592,3436
wpn_t7_loot_lmg_rpk_mag_world,1,18.64,24052.62,1,2592,3436
wpn_t7_loot_sniper_quickscope_view,1,57.81,74613.07,1,32968,32174
wpn_t7_loot_sniper_quickscope_world,1,46.12,59521.46,1,29082,28653
wpn_t7_loot_sniper_quickscope_scope_view,1,11.58,14951.05,1,8808,9218
wpn_t7_loot_sniper_quickscope_scope_ads_view,1,11.58,14951.05,1,5499,6481
wpn_t7_loot_sniper_quickscope_mag_view,1,7.82,10088.60,1,8722,7634
wpn_t7_loot_sniper_quickscope_scope_world,1,9.24,11931.31,1,6735,6735
wpn_t7_loot_sniper_quickscope_mag_world,1,6.26,8074.59,1,6867,5644
wpn_t7_loot_sniper_double_barrel_view,1,51.40,66337.19,1,42774,42862
wpn_t7_loot_sniper_double_barrel_world,1,51.40,66337.20,1,39272,38444
wpn_t7_loot_sniper_double_barrel_mag_view,1,4.32,5572.58,1,2436,2176
wpn_t7_loot_sniper_double_barrel_mag_world,1,4.32,5572.58,1,1604,1296
wpn_t7_snp_xpr50_view,1,75.54,97502.21,1,17133,18799
wpn_t7_snp_xpr50_world,1,60.44,78006.66,1,17026,18743
attach_t7_snp_xpr50_scope_view,1,14.02,18099.61,1,7415,8920
attach_t7_snp_xpr50_scope_ads_view,1,10.74,13861.04,1,1723,2324
attach_t7_snp_xpr50_mag_view,1,7.92,10218.08,1,599,666
attach_t7_snp_xpr50_scope_world,1,11.22,14477.59,1,6633,8170
attach_t7_snp_xpr50_mag_world,1,6.36,8203.55,1,553,640
wpn_t7_loot_snp_mosin_view,1,63.78,82315.34,1,31067,33008
wpn_t7_loot_snp_mosin_world,1,53.98,69672.06,1,31240,33216
wpn_t7_loot_snp_mosin_scope_view,1,14.57,18801.87,1,9069,9574
attach_t7_loot_snp_mosin_ads_scope_view,1,7.31,9437.09,1,1466,1412
wpn_t7_loot_snp_mosin_scope_world,1,11.95,15417.54,1,9003,9530
wpn_t7_pistol_shotgun_view,1,21.68,27979.61,1,11401,16467
fx_shotgun_shell_blur,1,1.92,2476.46,1,41,34
fx_shotgun_shell,1,1.92,2476.46,1,45,34
wpn_t7_pistol_shotgun_world,1,21.68,27979.61,1,6496,8561
wpn_t7_pistol_shotgun_dw_view,1,21.68,27979.61,1,11401,16467
wpn_t7_pistol_shotgun_dw_world,1,21.68,27979.61,1,6353,8327
wpn_t7_loot_pistol_m1911_view,1,14.21,18333.92,1,4671,4709
wpn_t7_loot_pistol_m1911_world,1,14.21,18333.92,1,4669,4709
wpn_t7_loot_pistol_m1911_mag_view,1,5.26,6786.29,1,457,430
wpn_t7_loot_pistol_m1911_mag_world,1,5.26,6786.29,1,345,314
wpn_t7_loot_pistol_m1911_view_dw,1,14.21,18333.92,1,5004,5013
wpn_t7_loot_pistol_m1911_world_dw,1,14.21,18333.92,1,5014,5023
wpn_t7_loot_launch_china_lake_view,1,39.88,51472.84,1,19983,24982
wpn_t7_loot_launch_china_lake_world,1,34.51,44543.40,1,16914,20817
wpn_t7_loot_launch_china_lake_shell_empty,1,2.19,2827.42,1,744,912
wpn_t7_loot_launch_china_lake_projectile,1,1.58,2042.20,1,749,928
wpn_t7_zmb_dlc1_plunger_view,1,49.93,64442.97,1,483,540
wpn_t7_zmb_dlc1_plunger_world,1,49.93,64442.97,1,483,540
wpn_t7_zmb_hd_sickle_view,1,29.32,37846.96,1,2842,4865
wpn_t7_zmb_hd_sickle_world,1,29.32,37846.96,1,1868,3053
wpn_t7_loot_melee_katana_view,1,60.25,77765.77,1,7002,10027
wpn_t7_loot_melee_katana_world,1,59.50,76800.59,1,5226,7450
wpn_t7_loot_melee_katana_stow,1,51.37,66301.20,1,308,214
wpn_t7_zmb_hd_mp40_view,1,51.48,66442.48,1,11575,14907
wpn_t7_zmb_hd_mp40_world,1,51.48,66442.48,1,8238,10286
wpn_t7_zmb_hd_mp40_mag_world,1,14.84,19159.09,1,132,108
wpn_t7_zmb_hd_stg44_view,1,42.66,55063.19,1,11543,16754
wpn_t7_zmb_hd_stg44_world,1,42.66,55063.19,1,8092,11003
wpn_t7_zmb_hd_stg44_mag_world,1,17.97,23193.48,1,472,572
wpn_t7_zmb_hd_mg08_view,1,64.51,83263.83,1,14567,19039
fx_bullet_chain,1,1.11,1427.42,1,54,48
wpn_t7_zmb_hd_mg08_world,1,64.51,83262.09,1,10839,12651
wpn_t7_zmb_hd_mg08_mag_world,1,6.57,8474.76,1,421,618
wpn_t7_zmb_hd_mc96_view,1,19.38,25013.08,1,10913,13172
wpn_t7_zmb_hd_mc96_world,1,23.03,29723.71,1,7640,8344
wpn_t7_zmb_hd_mc96_mag_world,1,6.28,8109.83,1,528,496
wpn_t7_zmb_hd_mc96_upgraded_world,1,24.43,31535.46,1,10698,11980
wpn_t7_zmb_hd_mc96_upgraded_scope_view,1,9.95,12843.65,1,3172,4170
wpn_t7_zmb_hd_mc96_upgraded_scope_ads_view,1,9.95,12843.65,1,2073,2736
tag_flash,1,0.00,0.00,1,3,1
wpn_t7_zmb_hd_raygun_mk2_view,1,31.15,40198.81,1,17884,21858
wpn_t7_zmb_hd_raygun_mk2_world,1,31.15,40198.81,1,14126,16547
wpn_t7_zmb_hd_raygun_mk2_upg_view,1,31.15,40198.81,1,17884,21858
wpn_t7_zmb_hd_raygun_mk2_upg_world,1,31.15,40198.81,1,14126,16547
wpn_t7_loot_disk_gun_view,1,26.83,34634.93,1,23525,28575
wpn_t7_loot_disk_gun_world,1,26.83,34634.93,1,19640,22977
wpn_t7_loot_disk_gun_projectile,1,7.96,10277.48,1,1278,1568
c_t7_ally_fb,1,125.09,161448.67,8,286,139,535,279,998,558,1628,976,2636,1675,4908,3490,8290,6979,13502,13960
c_zom_wolf_head,1,140.87,181822.38,1,2050,2118
p6_zm_al_dream_catcher,1,39.23,50636.35,1,4,2
p6_zm_al_dream_catcher_on,1,39.23,50636.35,1,4,2
wpn_t7_zmb_dlc2_shield_view,1,61.66,79585.43,1,12627,15733
wpn_t7_zmb_dlc2_shield_dmg01_view,1,59.38,76640.98,1,13528,16141
wpn_t7_zmb_dlc2_shield_dmg02_view,1,52.66,67968.10,1,10227,11171
wpn_t7_zmb_dlc2_shield_world,1,66.66,86039.98,1,22221,29196
wpn_t7_zmb_dlc2_shield_dmg01_world,1,59.88,77290.55,1,22397,27377
wpn_t7_zmb_dlc2_shield_dmg02_world,1,56.92,73461.91,1,19196,20916
wpn_t7_zmb_dlc2_shield_upgraded_view,1,61.66,79585.43,1,12627,15733
wpn_t7_zmb_dlc2_shield_dmg01_upgraded_view,1,59.38,76640.98,1,13528,16141
wpn_t7_zmb_dlc2_shield_dmg02_upgraded_view,1,52.66,67968.10,1,10227,11171
wpn_t7_zmb_dlc2_shield_upgraded_world,1,66.66,86039.98,1,22221,29196
wpn_t7_zmb_dlc2_shield_dmg01_upgraded_world,1,59.88,77290.55,1,22397,27377
wpn_t7_zmb_dlc2_shield_dmg02_upgraded_world,1,56.92,73461.91,1,19196,20916
wpn_t7_zmb_dlc2_shield_window,1,44.53,57469.21,1,6427,8564
wpn_t7_zmb_dlc2_shield_frame,1,36.48,47085.42,1,4561,5368
wpn_t7_zmb_dlc2_shield_door,1,53.84,69494.47,1,11886,15663
p7_zm_gen_flogger_trap_belt,1,95.16,122825.07,1,222,208
p7_zm_gen_flogger_trap_belt_on,1,95.16,122825.07,1,222,208
p7_fxanim_zm_stal_flinger_trap_mod,1,304.84,393447.69,1,6418,6365
p7_fxanim_zm_zod_chain_trap_mod,1,495.41,639414.50,8,480,404,638,522,696,604,814,700,2177,2006,3077,2908,4762,4899,5490,5791
p7_fxanim_zm_zod_chain_trap_heart_mod,1,192.64,248639.97,8,447,358,990,788,1566,1342,2457,2052,4233,4705,7133,9094,10338,14647,14475,21964
p8_fxanim_zom_al_trap_fan,1,256.27,330761.88,1,10960,11132
c_zom_der_zombie_body1,1,108.73,140333.23,7,599,393,929,733,1706,1457,2947,2850,5166,5336,8842,9951,14700,18895
c_zom_der_zombie_body1_g_upclean,1,108.73,140333.23,7,445,281,710,540,1190,1005,1920,1848,3537,3607,6135,6919,10312,13421
c_zom_der_zombie_body1_g_rarmoff,1,108.73,140333.23,7,405,246,649,454,1089,861,1781,1624,3219,3113,5615,6067,9601,12136
c_zom_der_zombie_body1_g_larmoff,1,108.73,140333.23,7,387,236,640,470,1110,893,1775,1627,3280,3190,5723,6202,9752,12349
c_zom_der_zombie_body1_g_behead,1,24.09,31095.56,7,30,24,40,33,52,48,117,102,208,201,462,501,1181,1521
c_zom_der_zombie_body1_g_lowclean,1,66.00,85186.52,7,154,112,219,193,516,452,1027,1002,1629,1729,2707,3032,4388,5474
c_zom_der_zombie_body1_g_rlegoff,1,65.99,85175.44,7,137,93,167,140,349,325,759,732,1105,1212,1962,2202,3407,4372
c_zom_der_zombie_body1_g_llegoff,1,66.00,85186.05,7,156,103,196,154,455,352,830,742,1252,1251,2145,2325,3765,4693
c_zom_der_zombie_body1_g_blegsoff,1,34.92,45074.13,7,139,84,144,101,288,225,562,472,728,734,1400,1495,2805,3581
p7_fxanim_zm_castle_gate_base_mod,1,272.95,352290.91,1,10004,10358
p7_fxanim_zm_castle_gate_door_mod,1,245.34,316651.91,1,30543,30190
c_zom_dlc4_apothicon_fury_fb,1,101.07,130446.56,1,7753,12340
skybox_default_day,1,1362.16,1758087.75,1,316,448
p7_zm_der_teleporter_beam_holes,6,545.56,704139.88,8,30,16,30,16,42,24,66,48,115,90,204,180,327,302,614,604
p7_zm_der_teleporter_tesla_rod,7,483.46,623982.06,8,39,16,61,32,86,64,148,128,268,243,446,486,665,812,1136,1624
p7_zm_der_teleporter_top_discs,2,390.71,504280.56,8,44,16,44,16,74,30,123,62,192,116,304,232,462,388,713,776
p7_zm_der_teleporter_top_discs_r,2,390.71,504280.56,8,44,16,44,16,74,30,123,62,192,116,305,232,458,388,713,776
p7_zm_der_teleporter_front,2,349.16,450654.84,8,21,15,21,15,43,32,84,64,153,121,288,243,404,404,655,810
p7_zm_der_teleporter_copper_pipes_eighth,4,233.42,301264.75,8,34,16,34,16,34,16,34,16,47,24,74,48,93,80,161,160
p7_zm_der_teleporter_outerwall,5,198.41,256080.81,4,26,16,89,71,313,284,1296,1424
p7_zm_der_teleporter_base,5,230.59,297610.09,7,90,70,185,140,289,247,519,423,1025,884,1823,1767,2949,3536
p7_zm_der_teleporter_main_ring,7,191.25,246835.39,8,33,16,33,16,33,16,36,19,55,37,91,76,131,126,194,254
p7_zm_der_teleporter_main_rings,2,212.24,273924.50,8,45,16,45,16,66,26,112,54,172,102,264,202,349,335,544,686
p7_zm_der_teleporter_transformer,3,367.57,474411.94,8,34,20,61,42,113,85,268,169,464,318,810,639,1201,1069,1870,2141
p7_zm_der_teleporter_power_box,2,278.93,360004.41,8,28,16,53,26,93,51,159,105,307,197,532,396,774,661,1255,1322
p7_zm_der_teleporter_electric_tube,4,492.54,635700.38,8,22,16,42,24,68,48,90,102,132,192,236,384,364,640,697,1280
p7_zm_der_teleporter_floor,9,125.77,162323.41,4,35,16,113,74,351,298,1105,1492
p7_zm_der_teleporter_interior_head,3,248.02,320105.59,8,32,14,68,32,129,64,255,128,403,240,693,480,1010,802,1487,1605
p7_zm_der_teleporter_interior_rod,9,243.17,313857.31,8,25,16,25,16,25,16,46,34,72,66,142,132,211,220,320,440
p7_zm_der_teleporter_electric_spindle,11,492.26,635339.63,8,18,16,18,16,18,16,18,16,26,24,50,48,69,80,123,160
p7_zm_der_teleporter_outerwall_top,3,349.16,450654.84,8,28,15,28,15,28,15,28,15,37,24,62,48,111,79,204,160
p7_zm_der_teleporter_interior_beam,6,194.21,250657.52,8,40,16,40,16,51,22,92,44,169,84,278,168,397,282,662,563
p7_zm_der_teleporter_interior_vent_btm,5,222.58,287278.16,8,20,16,20,16,20,16,20,16,30,20,48,42,70,70,118,140
p7_zm_der_teleporter_interior_vent_top,7,322.28,415957.72,8,28,16,28,16,28,16,45,33,83,62,141,126,216,210,360,420
p7_zm_der2_teleporter_copper_pipes,2,328.64,424167.25,5,863,742,1102,978,2442,1942,4174,3724,5392,10624
p7_zm_der_teleporter_transformer_cloth,2,343.02,442726.72,8,39,16,39,16,41,18,72,36,109,68,169,139,247,232,364,464
p7_zm_der_teleporter_top,3,600.85,775498.38,8,39,19,71,39,124,78,212,157,369,294,637,591,922,986,1496,1972
p7_zm_der_teleporter_ceiling,2,336.84,434750.38,8,21,16,21,16,30,24,68,48,122,90,214,180,338,300,637,600
p7_zm_der_teleporter,9,67.73,87422.73,4,58,31,255,163,880,657,2980,3293
p7_zm_der_teleporter_pad_wires_blue,3,64.00,82604.88,8,40,16,40,16,72,30,148,66,246,126,391,252,537,420,828,840
p7_zm_der_teleporter_pad_wires_red,3,64.00,82604.88,8,40,16,40,16,72,30,148,66,246,126,391,252,537,420,828,840
p7_zm_der_teleporter_pad_glass,3,59.65,76984.64,8,20,16,20,16,35,31,71,63,105,117,177,236,265,396,466,792
p7_zm_der_teleporter_outerwall_iron_cross,2,326.66,421609.56,8,14,12,14,12,14,12,14,12,14,12,14,12,14,12,14,12
p7_zm_der_light_bulb_small,20,8.64,11156.02,8,27,16,27,16,27,16,45,31,68,60,123,122,173,204,270,408
p7_zm_der_light_bulb_glass_cover,4,12.19,15732.47,8,20,16,20,16,20,16,30,25,47,48,80,96,112,162,194,324
p7_zm_teddybear_sitting,5,34.85,44984.78,8,118,68,225,137,436,275,904,550,1649,1032,3079,2065,4527,3442,6922,6882
darksouls_bonfire_swordless,2,53.88,69536.05,5,3469,1827,5992,3132,12546,6524,24094,13052,33142,26104
darksouls_bonfire,6,76.62,98890.67,5,3725,1979,6392,3394,13389,7070,25402,14142,34758,28286
p7_zm_isl_stone_deco_01_dmg_01a_wet,6,23.97,30932.10,1,563,896
p7_light_chandelier_vintage_03,3,141.09,182097.70,8,798,414,1544,812,1800,1308,3571,3248,11385,7990,17115,15992,20769,23952,25811,32652
p7_chain_metal_bracket_01,5,8.66,11177.49,8,29,16,29,16,31,18,56,36,80,70,199,140,287,236,445,472
p7_light_chandelier_chain,29,34.69,44766.80,5,16,8,16,8,16,8,16,8,16,8
p7_pottery_terracotta_f_tan,28,26.55,34262.94,8,37,16,38,22,76,98,73,98,108,158,225,360,422,740,615,1120
wpn_t9_zm_perk_can_juggernog_world,16,9.64,12438.19,1,8666,12978
p7_zm_ctl_barrel_metal_55gal_snow_blue,8,63.18,81539.88,1,1108,1628
p7_barrel_metal_55gal_burned_interior,8,57.76,74555.19,6,217,91,373,159,600,274,1164,571,1946,1143,2672,2288
km_vending_ammomatic_on_vm,2,169.73,219063.00,1,10528,16436
p7_ven_charred_body_advanced,2,122.46,158055.16,8,228,168,458,336,809,672,1354,1177,2264,2019,4370,4208,7265,8417,11907,16836
p7_foliage_plant_lillypad_bunch2_sway,5,189.51,244593.72,8,42,16,63,29,101,59,161,119,271,224,389,449,693,749,1427,1497
p7_zm_isl_foliage_swamp_moss_128x64,28,172.91,223162.95,1,35,48
p7_foliage_plant_lillypad_bunch3_sway,3,118.59,153056.50,6,51,29,73,51,109,87,170,183,337,366,691,733
p7_zm_mob_bodybag_bloody,3,68.92,88953.50,1,528,946
p7_zm_mob_bodybag_belt,3,53.31,68803.64,1,890,872
p7_pottery_terracotta_d_tan_soil,3,41.54,53616.04,8,31,18,55,38,79,88,79,88,80,88,190,290,535,846,1306,1917
p7_pottery_terracotta_g_tan,2,25.87,33388.85,8,30,16,38,24,87,98,87,98,129,164,260,418,474,794,690,1222
p7_pottery_terracotta_c_tan,7,56.97,73527.21,8,30,16,38,22,87,96,87,98,138,192,257,388,480,786,693,1180
p7_zm_ctl_weapon_armory_mace,3,41.59,53683.45,1,1238,1220
p7_weapon_rack_safehouse_02_slide_rack_01,2,144.89,187000.16,8,49,24,99,49,193,98,396,197,724,370,1308,739,1810,1234,3291,2468
p7_zm_ctl_weapon_armory_halberd_01,2,124.71,160955.88,1,593,680
p7_zm_ctl_weapon_armory_halberd_02,2,103.92,134129.89,1,521,708
p7_zm_ctl_weapon_armory_spear,2,145.49,187779.23,1,942,1169
p7_zm_ctl_weapon_armory_sword_01,2,31.08,40116.16,1,520,670
ger_tea_set_teapot_01,6,19.26,24859.72,1,720,977
p7_coffee_table_round_wood_01_worn,3,44.62,57595.80,8,60,40,136,83,358,248,830,584,1314,1160,1977,2440,2679,3592,3135,4168
ger_tea_set_sugarpot_01,2,10.41,13433.89,1,233,336
ger_tea_set_plate_02,10,7.19,9278.49,1,174,200
ger_tea_set_cup_01,9,8.42,10863.35,1,366,403
p7_cai_plate_metal_01,2,34.18,44115.73,3,104,96,198,192,294,384
p7_gramophone,2,70.45,90927.88,6,142,99,881,787,1755,1782,2975,3518,4217,5282,5154,7100
hur_fireplace_01,2,240.87,310878.06,5,280,191,420,326,697,683,1124,1366,1802,2733
p7_zm_der_light_shade,9,28.35,36590.90,8,18,16,24,24,54,48,107,96,184,182,309,366,504,612,838,1224
p7_zm_der_light_socket_02,9,4.00,5166.40,8,28,16,28,16,31,18,51,36,78,66,151,134,222,226,355,452
p7_zm_der_light_wall_mount,10,56.45,72854.19,4,168,155,174,167,509,510,1271,1308
asylum_spawner_room,3,409.74,528835.75,1,5789,4770
asylum_mainroom_pillar_top,11,71.52,92309.48,5,33,16,33,16,33,16,37,20,52,42
asylum_start_hallway_fix,5,4885.34,6305336.00,1,331,355
asylum_start_hallway_fix_two,3,5136.67,6629723.00,1,332,355
p7_zm_isl_fence_128,77,282.92,365157.16,5,269,170,394,290,716,600,1798,1227,3015,2386
p7_zm_sta_wall_trench_barbed_fence_01,19,226.73,292632.75,5,587,355,1062,610,2021,1273,3336,2548,5647,5096
p7_sin_fence_chainlink_debris_post_set_01,8,214.25,276530.00,4,283,150,342,219,587,519,873,919
p7_vld_rock_pile_small_01,71,103.64,133760.11,8,138,66,244,132,409,264,659,462,1040,794,1884,1656,2964,3314,4629,6628
p7_vld_rock_pile_small_02,4,49.20,63503.81,8,66,34,131,70,219,142,356,248,542,428,1038,892,1627,1784,2547,3570
p7_zm_gen_jumping_pad,2,367.77,474669.00,1,10799,8534
p7_zm_gen_jumping_pad_water,2,102.43,132203.98,1,37,60
p7_zm_isl_pipe_hp_12_flange_rust,4,15.68,20243.30,1,370,384
p7_zm_isl_pipe_hp_12_elbow_90_rust,3,51.41,66353.26,5,97,64,143,110,260,230,507,462,815,924
p7_zm_isl_pipe_hp_12_valve_01_rust,2,65.35,84342.70,1,3152,3744
p7_zm_isl_pipe_hp_12_straight_32_rust,3,57.58,74311.38,1,850,912
p7_barrel_metal_55gal,5,63.18,81539.88,6,101,64,158,112,229,194,382,406,588,760,1108,1628
p7_zm_moo_tank_nitrogen_metal,2,86.98,112259.66,1,1141,1476
p7_zur_nw_clamp_lamp_factory_hanging,8,28.35,36590.90,8,18,16,24,24,54,48,107,96,184,182,309,366,504,612,838,1224
p7_zm_der_light_spot_base_plate,8,10.48,13521.93,8,33,16,33,16,33,16,33,16,35,18,66,43,96,73,167,146
p7_conduit_metal_1_straight_8,8,13.88,17918.89,6,10,8,10,8,10,8,10,8,18,16,68,64
p7_zm_der_light_cage_01,8,20.72,26743.11,8,72,33,113,66,181,134,480,424,1003,886,1464,1352,1832,1712,2208,3392
p7_zm_isl_light_wall_vintage_full,14,24.96,32220.87,1,247,280
p7_zm_isl_light_wall_vintage,14,13.16,16985.64,1,620,790
p7_zm_isl_fence_post,43,180.28,232678.28,1,352,254
p7_sandbag_stack_44_middle_snow,14,79.99,103238.77,8,160,126,283,254,484,510,892,1020,1599,1912,2727,3826,4089,6378,7147,12756
p7_zm_ver_fountain,2,219.66,283505.03,1,6459,8381
p7_zm_ver_fountain_base,3,169.05,218190.42,1,3688,5362
p7_generator,2,45.53,58759.25,8,24,12,24,12,24,12,24,12,24,12,308,190,1193,992,2228,2111
p7_zm_der_light_spot_housing,3,28.27,36492.09,8,78,48,148,98,296,198,537,397,910,746,1739,1493,2694,2489,4475,4980
p7_crate_wood_01,18,77.62,100180.14,5,54,26,96,46,173,88,664,332,768,384
p7_pottery_terracotta_g_tan_snow,8,25.87,33388.85,8,30,16,38,24,87,98,87,98,129,164,260,418,474,794,690,1222
p7_pottery_terracotta_d_tan_snow,12,40.44,52200.11,8,27,16,27,16,79,88,79,88,80,88,190,290,338,534,515,880
veh_t7_dlc1_motorcycle_german_sidecar_covered_snow,2,83.00,107128.97,5,2487,1598,3996,2741,7332,5707,12889,11421,19758,22844
veh_t7_dlc1_motorcycle_german_wheel_front_snow_attach,2,24.23,31269.10,1,1650,2076
veh_t7_dlc1_motorcycle_german_wheel_rear_snow_attach,2,24.14,31159.28,1,1420,1766
p7_snow_slush_floor01,21,91.95,118672.16,8,20,16,33,26,68,52,121,94,195,160,326,336,501,672,843,1346
p7_snow_slush_floor02,41,89.48,115494.05,8,20,16,30,26,60,52,102,90,161,155,300,323,466,649,791,1299
p7_snow_slush_floor04,12,23.52,30359.01,8,20,16,20,16,33,28,52,49,79,84,152,174,232,350,410,703
p7_snow_slush_floor_large01,18,119.40,154101.19,8,83,63,162,126,313,252,478,443,710,759,1241,1583,2124,3166,3738,6333
p7_snow_slush_floor_small01,18,54.09,69809.84,8,26,16,26,16,36,25,58,43,90,76,155,160,245,319,409,641
p7_snow_slush_floor_small02,3,55.99,72263.86,8,22,16,22,16,40,29,66,51,104,87,181,182,280,364,465,729
p7_snow_slush_floor_large02,15,110.24,142281.42,8,55,43,105,86,205,172,343,302,545,518,951,1080,1591,2161,2689,4323
p7_snow_slush_floor_small03,2,43.31,55903.95,8,26,16,26,16,30,20,50,36,77,61,135,129,207,257,335,516
p7_zm_gen_shelf_industrial_vintage_96_lod,3,173.59,224043.09,1,7458,9284
p7_zm_gen_wood_debris,19,202.39,261212.86,1,4603,2464
p7_zm_isl_cage_trap,2,205.25,264906.53,1,6749,5469
p7_crate_wood_02_iron_cross,2,73.51,94881.94,5,467,288,960,777,1882,1636,2453,2357,3034,3361
p7_crate_wood_03_open_med_wet,2,75.92,97981.14,7,36,16,36,16,38,18,62,30,132,64,276,130,504,260
p7_fxanim_zm_zod_crate_breakable_03_waterfront_static_mod,4,211.68,273213.34,7,472,188,932,378,1536,662,2401,1134,4706,2364,8023,4731,12598,9451
p7_fxanim_zm_zod_crate_breakable_03_canal_static_mod,2,109.19,140924.78,7,337,135,662,272,1085,476,1721,815,3334,1701,5819,3404,9351,6800
p7_zm_ctl_animal_plush_vintage_monkey,2,19.78,25529.53,1,2248,3602
p7_pottery_terracotta_h_tan_snow,3,11.01,14205.79,8,24,16,24,16,64,62,63,76,63,76,124,166,214,336,286,480
p7_bag_body_01_decay_mil,2,77.21,99656.47,8,51,37,86,74,138,150,224,263,435,452,1164,942,2361,1885,3727,3771
p7_bag_body_01_decay,2,77.21,99656.47,8,51,37,86,74,138,150,224,263,435,452,1164,942,2361,1885,3727,3771
p7_zm_asc_transformer_electrical,4,231.32,298557.81,1,1713,1351
p7_zm_sta_transformer_power,4,280.20,361649.31,1,7769,8936
p7_zm_der_transformer_rod,9,78.82,101723.82,8,42,16,67,32,116,65,212,130,343,245,626,491,929,820,1534,1640
p7_sandbag_stack_32_middle_snow,14,95.18,122851.95,8,220,190,413,382,712,764,1303,1530,2342,2869,4043,5741,6089,9569,10718,19140
p7_sandbag_stack_32_right_snow,5,60.21,77707.17,8,176,140,296,280,516,560,960,1122,1700,2104,2940,4210,4449,7018,7859,14036
p7_barbed_wire_snow,4,100.04,129122.23,8,89,71,203,188,404,388,1459,931,2698,1800,4310,3676,6229,5616,7869,7204
p7_sandbag_stack_32_left_snow,3,74.25,95834.41,8,165,126,283,254,469,510,865,1020,1564,1914,2693,3828,4083,6380,7149,12760
p7_zm_zod_phone_wall_vintage,2,19.37,25005.23,8,18,16,18,16,18,16,18,16,18,16,393,299,631,611,1127,1248
p7_zm_zod_bookcase_vintage_ladder,3,315.04,406605.97,8,184,100,272,146,489,284,823,567,1775,1452,3318,2876,4226,4268,5430,5728
p7_zm_kin_movie_reel_vintage_03,9,23.89,30829.54,1,2738,2912
p7_zm_kin_movie_projector_vintage,2,131.59,169840.36,1,5221,6020
p7_zm_ver_poster_perk_juggernog,2,24.53,31662.10,1,37,46
p7_zm_ctl_barrel_metal_55gal_snow_capped_blue_1,30,63.18,81539.88,5,152,112,234,194,460,406,693,814,1108,1628
p7_zm_isl_ww_extractor_tank_01,3,96.76,124888.75,5,486,386,855,663,1541,1384,2709,2769,4791,5540
p7_zm_isl_ww_extractor_pipe_01,3,76.10,98221.02,1,2475,2944
p7_zm_isl_ww_extractor_motor_01,3,48.58,62698.97,1,2488,2660
p7_zm_ctl_military_fuel_tank_housing_snow,2,290.93,375492.50,5,1905,1088,3099,1801,5792,3657,9287,7439,14079,13991
p7_zm_ctl_military_fuel_tank_lrg_snow,2,156.01,201355.30,1,4316,5170
p7_icicle_128_03,3,59.66,76997.56,8,199,89,342,210,644,572,934,964,1558,2280,2722,4376,4049,6739,5313,8983
p7_icicle_128_02,2,55.82,72038.61,8,213,92,297,196,621,568,929,952,1563,2324,2851,4660,4188,7025,5512,9377
p7_zm_ctl_chemistry_kit_test_tube_rack,4,25.07,32359.97,1,876,944
p7_lab_chemistry_set_beaker,2,13.95,18008.38,8,41,16,41,16,41,16,63,26,94,44,162,94,229,190,323,382
p7_chemistry_kit_torch,3,20.83,26888.14,8,36,16,36,16,36,16,63,28,85,52,154,106,236,179,438,358
p7_zm_ctl_chemistry_kit_beaker_sm_liquid,2,9.03,11655.15,1,294,328
p7_zm_gen_barrel_metal_55gal_green_drk_lod,13,63.18,81539.88,1,1108,1628
p7_zm_sha_barrel_metal_grey_dmg,5,79.18,102188.73,1,507,550
p7_barrel_vintage_wood_snow_01,3,59.56,76872.27,5,369,332,593,568,1300,1186,1629,1622,4080,4744
p7_barrel_vintage_wood_snowcap_01,3,55.10,71111.27,3,53,58,85,116,150,232
p7_cai_work_table_wood_02_bare,3,95.07,122702.66,8,34,16,72,32,190,98,300,156,689,406,1148,819,1534,1203,1933,1637
p7_light_flashlight,2,12.00,15485.27,8,40,16,58,30,106,61,170,122,323,230,532,461,766,770,1217,1542
p7_light_hurricane_lamp,8,45.84,59160.37,8,462,409,603,542,869,819,1101,1091,1331,1366,1535,1638,1890,2048,2458,2732
p7_light_lamp_desk_vintage_01_broken,2,36.27,46810.17,8,60,33,100,66,261,183,362,278,860,842,1712,1654,2294,2458,2971,3384
p7_wheel_barrow_street_vendor,2,93.95,121261.81,6,286,184,456,324,1553,1449,2041,2250,3006,3514,3643,4646
p7_farm_tools_shovel_02,2,62.25,80337.65,8,34,16,34,16,34,16,34,16,80,50,122,82,181,144,211,178
wpn_t7_zmb_perk_bottle_phd_view,5,18.08,23334.41,1,3438,5604
p7_zm_kin_tank,5,88.28,113942.18,5,387,262,596,449,1230,941,2153,1890,3332,3764
p7_zm_kin_tank_open,2,107.88,139242.19,5,361,226,542,388,1082,809,1852,1619,2817,3236
p7_zm_ctl_chair_wood_02,2,90.43,116719.02,1,2381,2069
darksouls_havels_greatshield,2,68.57,88504.41,5,147,82,246,142,481,298,993,597,1760,1194
darksouls_elite_knight_helm,2,164.69,212557.52,5,149,98,252,170,454,357,853,714,1369,1428
darksouls_demons_great_hammer,2,140.80,181721.30,5,93,50,142,88,281,182,468,368,788,736
darksouls_dragon_tooth,2,160.80,207543.06,5,46,36,72,62,132,130,208,260,341,522
p7_zm_isl_specimen_container_lg,3,209.62,270546.50,5,3214,2536,5254,4348,10771,9057,22166,18116,36303,36234
p7_zm_isl_specimen_container_egg,2,112.19,144803.28,1,27349,28404
p7_zm_der_light_vacuum_tube,2,43.22,55779.54,8,86,38,152,78,237,157,452,316,721,595,1312,1189,2022,1984,3132,3968
p7_zm_der_transformer_base,2,117.32,151423.06,8,60,26,114,52,213,105,360,211,628,395,1107,792,1794,1322,3446,2644
p7_zm_der_transformer_ribs,3,84.64,109248.18,8,46,18,80,36,150,74,264,148,422,276,746,554,1122,926,2064,1852
p7_zm_der_transformer_acc,3,99.08,127884.97,8,38,16,38,16,38,16,64,32,121,62,202,125,292,210,504,420
p7_zm_der_transformer_feet,2,55.43,71535.95,8,32,16,32,16,32,16,40,22,72,42,126,84,184,140,304,280
p7_zm_der_transformer_rivets,2,76.94,99308.05,8,48,16,72,24,147,49,210,98,296,184,510,368,750,616,952,1232
p7_zm_ver_pole_telephone_whole,3,705.98,911182.00,1,4933,3854
p7_zm_zod_telephone_transformer,3,105.24,135829.52,8,26,16,32,22,61,46,118,92,242,173,414,351,630,588,962,1179
p7_zm_ctl_light_warning_tesla_transformer_snow,3,51.96,67064.03,1,4096,5574
p7_zm_ctl_light_sconce_metal,4,35.46,45764.07,1,3306,4605
p7_fxanim_zm_stal_dragon_hazard_fountain_banner_01_smod,3,699.01,902194.50,1,1041,1932
p7_fxanim_zm_stal_dragon_hazard_fountain_banner_02_smod,7,699.01,902194.50,1,1041,1932
p7_eth_light_floor_02,5,8.00,10324.41,8,29,16,33,21,75,43,172,142,332,250,571,497,890,678,1109,1086
p7_zm_der_difference_engine_base_05,3,177.96,229686.91,4,152,96,595,482,2621,1930,9751,9654
p7_zm_der_difference_engine_base_06,3,178.56,230455.55,4,106,44,446,224,1467,903,4634,4516
p7_zm_der2_difference_engine_base_08,3,159.05,205282.72,4,1947,1462,3773,3839,7049,7427,14004,18079
p7_zm_der_difference_engine_base_04,3,177.96,229687.42,4,56,28,271,140,912,564,3238,2820
p7_zm_der_difference_engine_base_03,3,91.91,118628.96,4,450,256,904,638,1016,766,2040,2564
p7_zm_der_difference_engine_base_02,3,299.23,386205.53,4,116,52,529,266,1496,1066,6000,5335
p7_zm_der_difference_engine_base_01,3,314.71,406184.97,4,265,106,1041,530,3122,2120,13478,10600
p7_zm_isl_pipe_hp_12_straight_64_rust,2,111.94,144479.58,1,698,700
p7_cai_hav_power_conduit,17,205.35,265041.16,1,9576,9917
det_hospital_books_01,2,252.12,325399.03,4,88,42,193,90,331,181,464,365
det_hospital_books_02,3,117.93,152210.88,4,150,76,317,162,564,324,843,648
p7_debris_glass_shards_06_dark,5,97.16,125399.12,8,124,48,222,98,402,198,674,394,1138,742,2550,1484,4559,2476,8492,4952
p7_zm_ver_poster_perk_doubletap,2,24.53,31662.10,1,37,46
p7_bicycle_basket_dirty,2,23.97,30939.38,8,33,16,33,16,33,16,56,26,179,108,219,172,314,268,382,344
wpn_zm_perk_can_double_tap_t9_world,25,9.64,12438.20,1,8665,12978
wpn_zm_perk_can_deadshot_t9_world,2,9.64,12438.20,1,8665,12978
wpn_t9_zm_perk_can_quick_revive_world,2,9.64,12438.19,1,8666,12978
wpn_t9_zm_perk_can_elemental_view,2,9.64,12438.19,1,8665,12978
wpn_t9_zm_perk_can_speed_cola_world,14,9.64,12438.19,1,8666,12978
aac_trash_debris_paper_01,19,60.57,78173.99,4,42,22,69,47,106,95,167,190
p7_newspaper_group_01,12,101.35,130804.09,8,43,27,83,55,141,110,236,192,364,330,626,688,1118,1375,1984,2752
par_newspaper_debris_01,10,163.03,210417.05,1,610,615
ger_crate_ration_02_closed_01,8,37.59,48513.66,4,134,66,286,138,570,278,1176,556
ger_crate_ration_02_open_01,2,39.57,51065.61,4,572,282,1105,590,1930,1180,2693,2360
p7_zm_gen_foliage_moss_hanging_01_lod,3,123.28,159118.39,1,332,240
p7_zm_isl_foliage_moss_hanging_04,6,71.18,91869.95,1,130,94
p7_zm_isl_foliage_moss_hanging_03,4,85.23,110004.12,1,118,84
p7_zm_isl_foliage_moss_hanging_05,2,113.88,146983.05,1,122,88
p7_zm_isl_foliage_swamp_moss_64x32,4,109.50,141326.06,1,35,48
darksouls_blacksmith_statue,2,100.14,129247.01,5,798,463,1259,795,2250,1659,3477,3317,5422,6636
darksouls_sunlight_shield,2,41.63,53734.00,5,66,56,111,98,200,206,363,412,540,824
p7_zm_sha_foliage_grass_line_01,51,102.02,131670.88,1,955,1536
p7_foliage_grass_tall_cluster_sml_sway,11,64.06,82685.52,6,28,16,28,16,28,16,31,17,49,35,77,71
p7_foliage_grass_tall_cluster_med_sway,4,115.73,149365.97,8,38,16,38,16,38,16,54,28,87,53,143,106,219,178,309,356
p7_zm_sha_foliage_grass_tall,19,117.58,151751.94,1,1054,1728
p7_zm_isl_foliage_grass_tall_cluster_sml_sway,22,62.45,80596.02,1,176,168
p7_zm_gen_foliage_grass_tall_cluster_lrg_sway_lod,2,161.36,208259.84,1,577,715
aac_coffee_table_01,2,56.29,72651.55,4,672,332,1268,694,2169,1388,3294,2778
aac_couch_01_armchair,9,111.24,143575.80,4,671,464,1224,967,1973,1936,2990,3872
p7_zm_sha_torch_wall_fire,3,39.74,51286.49,1,66,92
ease_your_mind_ganja_white_night_poster,2,24.53,31662.10,1,37,46
tra_postal_table_02,3,180.06,232393.33,4,496,318,831,661,1237,1325,1910,2650
p7_book_vintage_02,5,13.06,16855.95,6,36,18,104,77,122,113,202,245,267,341,355,470
p7_brick_dirty_01,5,11.86,15302.50,7,28,16,28,16,28,16,28,16,28,16,38,26,56,52
p7_zm_ctl_chair_swivel_01,4,82.77,106824.34,5,455,305,720,524,1450,1102,2472,2195,3881,4376
p7_zm_sta_computer_tower_03,5,89.22,115148.97,3,5933,4374,10506,8753,16512,17510
p7_zm_moo_console_monitor,4,42.93,55408.28,1,7037,8038
p7_zm_moo_console_monitor_ra,2,42.93,55408.28,1,7037,8038
ger_crate_ration_01_open_02,2,38.81,50088.59,4,843,402,1517,838,2318,1678,3990,3356
p7_trash_bin_small_01_green_dirty,3,30.36,39185.46,7,97,93,116,110,175,225,388,557,727,1121,1048,1693,1357,2257
p7_animal_plush_dolphin,2,27.48,35468.53,5,128,124,208,246,351,500,493,746,637,994
p7_coffee_grinder_01_black,2,49.92,64428.28,7,106,56,184,113,292,198,558,472,1120,971,1956,1904,2688,2850
p7_coffee_grinder_01_beans_lrg,2,7.23,9337.54,8,43,44,43,44,43,44,44,46,86,100,208,254,153,198,258,350
p7_coffee_maker_digital_pot_dirty,2,14.66,18919.13,7,103,99,251,256,476,511,1148,1284,2267,2570,3132,3858,4181,5150
p7_zm_asc_cans_aluminum_group_01,3,16.29,21018.97,1,1080,1058
for_table_lamp_01,3,32.66,42157.91,2,640,786,1022,1572
p7_office_paper_stack_sml,2,19.00,24525.49,6,20,10,20,10,40,20,56,28,72,36,112,76
p7_office_paper_stack_lrg,2,27.44,35417.55,6,32,16,48,24,94,48,134,78,202,138,336,272
p7_zm_ctl_papers_01,2,13.68,17652.44,1,188,148
p7_zm_ctl_papers_02,2,13.68,17652.44,1,188,148
p7_zm_ctl_papers_03,2,13.68,17652.44,1,188,148
p7_zm_ctl_papers_05,2,13.68,17652.44,1,188,148
p7_proto_fence_chainlink_post,5,203.35,262452.13,4,43,19,57,38,91,64,126,128
p7_proto_fence_chainlink,7,232.07,299524.22,4,62,30,121,58,156,102,236,204
p7_cup_coffee_mug,2,6.63,8552.92,6,44,30,76,52,101,90,180,190,311,380,602,762
par_metal_goblet_01,2,7.48,9654.67,3,248,320,438,640,761,1280
par_office_binder_book_02,2,13.72,17703.53,3,254,182,397,364,608,730
par_office_binder_book_03,2,15.17,19582.70,3,278,199,411,400,600,800
p7_zm_isl_bed_infirmary_frame,9,106.29,137182.94,1,4236,4592
p7_zm_isl_bed_infirmary_mattress_01_bloody,9,73.32,94636.42,1,11432,18689
p7_sin_wool_blanket_flat_01_blue,2,69.29,89435.48,8,41,30,82,60,163,122,273,212,421,366,772,762,1296,1524,2119,3050
p7_bed_pillow_barrack,7,34.87,45004.74,8,20,16,28,22,56,44,100,88,167,168,264,336,384,560,670,1111
p7_bed_pillow_barrack_folded,2,33.22,42874.74,8,23,16,31,22,54,44,94,90,150,168,256,338,369,564,647,1128
p7_zm_isl_bed_antique_pillow,4,30.99,40000.41,1,505,894
par_outside_heater_01,3,216.20,279040.91,4,1019,808,2212,1684,3983,3371,7061,6743
p7_zm_kin_trunk_theater,2,78.86,101776.70,1,4034,5454
hur_fireplace_rack_01,3,39.13,50506.10,3,406,244,704,490,1119,982
cob_firewood_01_cap_01,3,35.88,46303.09,4,264,156,503,326,869,654,1316,1308
par_fireplace_tool_set_01,4,74.97,96763.01,3,1675,1220,2837,2442,4192,4886
p7_shelf_modern_02_c_damaged,2,203.39,262509.16,5,334,165,567,282,1097,590,2473,1180,4109,2358
p7_anim_ven_gate_chainlink_01_right,2,238.72,308109.81,5,1041,696,1686,1194,3389,2490,5829,4982,9455,9964
p7_shelf_tarps_short,16,221.48,285853.63,7,23,19,41,39,64,68,98,117,178,244,328,488,615,977
p7_shelf_modern_02_b_damaged,2,226.28,292047.56,5,345,174,553,297,1152,623,2647,1252,4518,2506
p7_zm_shi_medical_divider_cloth_panel_02,3,101.04,130405.69,1,2850,4043
p7_zm_isl_signage_medical_03,2,30.59,39477.41,1,13,11
p7_zm_isl_medical_stool,2,40.90,52783.45,1,4371,5314
p7_container_jug_water_gallon_b,7,17.00,21937.89,5,90,76,94,96,127,152,206,268,750,1108
p7_debris_trash_bottle_water_01,4,13.68,17659.78,5,25,16,33,24,59,52,105,108,154,216
p7_bottle_plastic_16oz_water_dmg,5,13.03,16819.48,6,49,30,81,53,113,90,194,189,334,378,521,758
p7_bottle_glass_sparkling_water,2,22.53,29084.17,8,50,26,82,54,133,108,222,190,343,326,587,681,945,1362,1656,2724
p7_water_heater,2,153.03,197506.38,8,73,42,159,85,279,170,409,268,853,520,1397,1002,3732,2929,4616,4276
p7_sin_wool_blanket_folded_01_tan,4,38.70,49949.66,8,29,16,62,34,117,68,183,118,291,204,496,426,787,854,1231,1706
ndy_bunk_blanket_02,3,32.17,41527.00,3,576,518,875,1037,1447,2077
mp_hub_allies_portable_power_gen,2,34.56,44611.02,1,7919,7121
wm_iw8_uzi_full,2,26.18,33784.73,1,13683,12783
p7_clothes_womens_crumpled_02_pants,2,29.94,38638.55,8,84,94,111,136,192,276,352,556,805,1387,1548,2774,2280,4163,3004,5550
p7_clothes_womens_crumpled_02_pants_dirty,2,29.94,38638.55,8,84,94,111,136,192,276,352,556,805,1387,1548,2774,2280,4163,3004,5550
p7_debris_clothing_dress_01,2,29.62,38223.34,8,20,16,36,27,53,55,108,111,166,207,265,417,402,695,743,1392
zbr_cabaret_dress_04,2,83.03,107168.30,1,2745,1974
p7_medicine_bottles_clump,2,10.41,13439.53,6,343,186,343,186,601,372,679,444,925,660,1753,1200
par_liquor_bottle_01,2,16.35,21100.48,3,198,137,331,277,510,554
p7_bottle_glass_liquor_04,2,21.41,27631.90,6,45,20,67,36,98,61,178,129,281,260,434,520
p7_bottle_glass_liquor_01,2,21.35,27560.52,6,29,16,31,18,44,30,85,64,138,130,208,262
p7_glassware_whiskey_01,3,6.91,8914.89,8,36,16,36,16,38,18,51,32,78,56,147,118,221,238,368,476
p7_bottle_glass_liquor_02,2,21.08,27209.26,6,26,16,36,26,63,46,108,96,174,192,273,384
guitar,3,365.58,471838.81,5,3875,2596,6174,4452,10992,9268,17969,18536,32930,37087
btr_carpet_03,5,262.28,338515.59,3,182,165,288,332,477,667
p7_clothes_hanging_01_pants,2,98.02,126512.20,6,181,125,233,186,369,327,616,662,1434,1392,2570,3132
p7_debris_clothing_piles_01,2,52.09,67229.59,8,17,15,33,27,68,55,124,111,207,207,328,417,478,696,828,1392
aac_kitchen_sink_01,2,137.46,177419.13,4,671,395,1228,825,2168,1655,3333,3310
p7_fence_wood_rustic_01_rung_6_128a,13,183.32,236603.20,5,59,48,90,84,140,176,230,354,407,708
p7_fence_wood_rustic_01_rung_single_128b,37,119.57,154320.56,6,35,26,56,46,91,80,141,168,223,337,390,678
p7_fence_wood_rustic_01_rung_single_128a,25,119.40,154104.16,6,39,28,57,48,93,84,145,176,229,354,407,708
p7_zm_shi_lamp_post_wood_med,7,198.97,256808.38,1,266,232
p7_zm_shi_lamp_post_wood_lrg,10,316.21,408124.28,1,291,296
p7_rug_cloth_modern_128x256_03,4,246.32,317915.91,8,43,24,67,50,68,52,68,52,68,52,214,246,569,812,1590,2564
p7_zm_kin_console_electric,2,133.58,172403.98,1,7920,6071
p7_zm_moo_console_control,4,124.54,160745.47,5,1196,700,1978,1199,3990,2500,8117,5001,13985,10002
p7_zm_moo_console_control_sml,3,103.73,133876.14,5,432,234,657,412,1351,838,2680,1659,5079,3258
p7_food_sack_potato_pile_02,3,67.60,87244.28,8,94,54,148,108,324,216,514,377,793,648,1434,1351,2277,2570,3875,5405
p7_food_sack_potato_pile_02_wet,2,67.60,87244.28,8,94,54,148,108,324,216,514,377,793,648,1434,1351,2277,2570,3875,5405
p7_fxanim_gp_trash_food_box_03_mod,3,7.22,9322.67,4,55,58,130,124,207,248,344,496
p7_debris_trash_food_box_01,18,11.18,14432.49,8,23,16,23,16,23,16,25,18,35,34,65,70,112,118,171,236
p7_debris_trash_food_box_02,6,15.64,20188.48,8,20,16,20,16,20,16,20,16,33,30,52,60,84,100,132,200
p7_debris_trash_food_box_03,5,13.48,17401.46,8,20,16,20,16,20,16,20,16,29,24,44,50,69,86,124,172
ger_food_ration_cans_ground_01,4,30.89,39866.57,3,374,296,678,592,992,1185
dun_food_sandwich_plate_01,2,13.02,16798.34,3,439,347,785,694,1236,1389
p7_fxanim_gp_trash_food_box_01_mod,5,10.71,13824.44,5,56,48,103,79,196,172,329,344,492,690
p7_food_fruit_banana_bunch,2,13.69,17662.92,8,67,32,110,64,177,130,389,382,665,800,1066,1612,1465,2444,1959,3264
p7_food_fruit_orange,3,6.07,7840.48,8,27,16,27,16,31,20,59,64,59,64,99,140,176,280,291,500
p7_food_fruit_pear,3,7.12,9187.07,8,21,18,35,40,65,78,112,146,187,274,328,520,510,832,669,1144
p7_food_fruit_banana,2,9.87,12734.16,8,28,16,28,16,28,16,52,50,64,68,107,132,161,260,235,396
p7_cai_props_hanging_soda,9,372.96,481369.31,8,27,15,48,30,98,62,169,124,297,235,581,470,924,783,1456,1568
p7_fxanim_gp_trash_food_box_02_mod,4,13.14,16957.29,5,53,50,101,86,192,182,304,366,489,732
p7_food_shop_item_container_fork,2,11.60,14968.72,3,99,96,169,240,321,480
p7_food_shop_item_fork_plastic,10,7.24,9350.07,1,16,12
p7_food_shop_item_container_knife,2,11.60,14968.72,3,99,96,169,240,321,480
p7_food_shop_item_knife_plastic,11,7.18,9266.08,1,8,4
p7_debris_trash_can_cola_01,7,5.67,7323.24,4,35,24,54,50,83,100,131,200
cob_church_chair_01a_dstry,2,83.15,107317.22,2,2597,2372,3866,4746
p7_barrel_keg_beer_metal_small,3,41.02,52941.03,8,108,96,210,200,372,370,732,782,1455,1940,2616,3902,3719,5854,4765,7818
p7_crate_wood_01_open_lid_wet,2,57.20,73824.30,8,32,16,32,16,32,16,32,16,32,16,64,32,144,72,144,72
zmb_barrel_beer_wood_01,2,73.19,94463.14,3,630,529,1015,1058,1628,2120
p6_bar_beer_glass,2,12.61,16275.52,1,254,256
p7_zm_kin_bottle_beer,13,22.03,28427.82,1,595,1024
girls_and_panzer_poster,2,38.82,50100.68,8,21,11,21,11,21,11,21,11,21,11,21,11,21,11,22,12
p7_zm_kin_projector_movie,2,65.73,84829.22,1,8925,8068
p7_light_spot_cinema_01_stand_bare,2,77.95,100607.91,3,566,322,1046,644,1808,1288
par_eagle_standard_01,2,50.62,65332.00,6,137,79,242,139,349,238,678,497,1138,994,1707,1988
p7_zm_nac_light_flood_stand,2,268.41,346430.38,1,4663,4698
p7_debris_trash_paperbag_01_wet,3,17.99,23220.97,8,29,16,29,16,29,16,36,26,63,48,102,96,145,162,225,326
p7_debris_trash_paperbag_01,2,17.99,23220.97,8,29,16,29,16,29,16,36,26,63,48,102,96,145,162,225,326
p7_sofa_leather_3seater_clean,2,123.67,159621.34,8,56,28,118,56,250,148,404,288,649,664,1097,1364,1583,2154,1981,2878
p7_zm_sta_hay_piles_eggs_group_06,2,58.20,75120.53,1,1211,1276
p7_zm_shi_straw_thatch_debris_hay_sml,4,28.05,36197.15,1,149,99
darksouls_mask_of_the_father,2,173.87,224409.34,5,264,176,444,302,825,632,1302,1263,1976,2528
girls_and_panzer_dakimakura,2,30.99,40000.41,1,505,894
p7_sin_wool_blanket_flat_01_green,2,69.29,89435.48,8,41,30,82,60,163,122,273,212,421,366,772,762,1296,1524,2119,3050
hur_coffee_grinder_01,2,36.65,47298.27,3,472,346,850,692,1326,1386
p7_coffee_maker_digital_pot,2,14.66,18919.13,7,103,99,251,256,476,511,1148,1284,2267,2570,3132,3858,4181,5150
p7_zur_coffee_bag_01_dark,2,15.59,20115.40,1,292,392
p7_cup_coffee_mug_orange,2,6.63,8552.92,6,44,30,76,52,101,90,180,190,311,380,602,762
p7_scoop_metal_coffee_bean,2,14.80,19107.70,4,96,70,136,116,230,252,328,398
zbr_cabaret_drums_01,3,110.71,142889.53,1,18421,17230
p7_zm_sha_column_door_myson_red,51,249.23,321674.09,1,1615,1702
p7_zm_ctl_table_metal_vintage_01_lrg,5,92.89,119887.22,1,623,662
p7_zm_der2_chemistry_kit_clamp_02,2,98.97,127742.45,8,35,16,59,28,89,56,156,114,259,213,495,429,738,714,1203,1430
p7_zm_ctl_chemistry_kit_test_tube_rack_liquid,2,25.07,32359.97,1,1092,1136
p7_zm_ctl_chemistry_kit_beaker_mid_liquid,2,15.78,20366.44,1,294,328
p7_chemistry_kit_jar_lg,2,37.89,48903.20,8,27,16,27,16,27,16,37,25,70,50,105,99,151,168,238,336
p7_zm_der2_chemistry_kit_torch_under,2,41.01,52933.83,8,26,14,26,14,38,18,77,38,141,74,207,147,331,246,615,494
p7_zm_ctl_chemistry_kit_flask_liquid,2,18.43,23791.62,1,319,448
zombietron_gib_chunk_flesh_02,2,23.62,30489.57,8,26,14,26,14,26,14,26,14,30,20,50,41,82,68,155,137
p7_zm_ctl_chemistry_kit_large_bottle_liquid,2,34.50,44524.34,1,474,640
p7_camp_fire_pit_hanging_pot,2,30.88,39850.20,8,26,16,26,16,26,16,38,26,68,50,131,100,224,168,402,336
hur_ceiling_hook_01_b,3,24.44,31546.14,1,763,910
p7_chain_metal_str_32,3,55.53,71675.53,8,16,12,16,12,16,12,16,12,16,12,16,12,16,12,16,12
p7_camp_fire_pit_kettle_large,2,25.04,32314.72,8,28,16,28,16,28,16,28,16,28,16,36,22,55,38,95,78
zbr_cabaret_brush_01,2,18.08,23335.20,1,462,672
aac_hotel_mirror_01,2,131.75,170043.64,3,2091,1352,3492,2706,5609,5412
rhapsody_poster,2,24.53,31662.10,1,37,46
p7_zm_ctl_bow_pedestal_wolf,2,94.32,121739.54,1,3933,2930
p7_zm_ctl_bow_pedestal_magma,2,94.32,121739.54,1,3933,2930
p7_zm_ctl_bow_pedestal_element,2,94.32,121739.54,1,3933,2930
p7_zm_ctl_bow_pedestal_demon,2,94.32,121739.54,1,3933,2930
p7_fxanim_zm_zod_crate_breakable_03_start_static_mod,3,344.55,444702.06,7,490,190,968,382,1548,668,2453,1146,4736,2387,8135,4774,12774,9539
p7_zm_moo_pyramid_dial_cap,2,49.24,63552.10,1,1655,2048
p6_zm_work_bench,5,111.09,143384.45,1,248,124
p_rus_desklamp_wmd_on,3,36.59,47227.77,1,822,871
p_glo_tools_chest_short,3,32.48,41914.64,1,1357,904
p7_zm_isl_power_station_panel_02,2,214.50,276853.09,1,4332,4748
p7_zm_isl_power_station_panel_03,2,214.50,276853.09,1,4286,5020
zbr_ger_rack_power_02,2,130.42,168332.61,3,1789,962,2981,1927,4393,3854
p7_zm_ver_poster_perk_speed,2,24.53,31662.10,1,37,46
car_foliage_s2_ivy_rooftop_01,3,202.57,261444.23,4,124,62,260,130,523,261,1250,522
car_foliage_s2_ivy_top_02,3,158.64,204748.88,4,91,45,191,95,383,191,942,382
car_foliage_s2_ivy_top_01,15,148.82,192081.41,4,111,55,228,114,459,229,1113,459
p7_barrel_metal_55gal_lid,8,22.15,28586.96,4,90,76,91,76,905,820,1392,1468
p7_foliage_wild_ginger_cover_64_tall,9,57.60,74339.55,8,32,16,32,16,32,16,35,17,60,30,128,64,285,153,392,256
p7_foliage_wild_ginger_cover_32_tall,213,36.87,47588.97,5,67,36,106,61,169,98,238,175,326,274
p7_foliage_wild_ginger_cover_64_edge,13,57.60,74339.55,8,32,16,32,16,32,16,35,17,60,30,128,64,285,153,392,256
p7_foliage_wild_ginger_cover_32_extra_tall,32,37.07,47843.48,5,68,36,103,61,163,98,236,175,326,274
p7_foliage_wild_ginger_cover_32_mound,3,57.60,74339.55,8,32,16,32,16,32,16,35,17,60,30,128,64,285,153,392,256
p7_foliage_vines_floor_128,4,117.52,151676.73,8,32,16,32,16,35,17,69,35,132,66,256,132,391,221,660,443
p7_foliage_vines_floor_192_dead,3,167.37,216024.78,8,32,16,32,16,61,29,123,59,203,111,461,223,880,481,1234,746
p7_foliage_vines_floor_128x32_dead,6,112.28,144913.47,6,32,16,57,27,109,51,222,102,428,202,610,340
p7_foliage_vines_floor_128_dead,3,117.52,151676.73,8,32,16,32,16,35,17,69,35,132,66,256,132,391,221,660,443
p7_foliage_vines_floor_128x32,3,112.28,144913.47,6,32,16,57,27,109,51,222,102,428,202,610,340
p7_foliage_vines_floor_128x32_sway,2,112.28,144913.47,6,32,16,57,27,109,51,222,102,428,202,610,340
p7_foliage_vines_floor_192,3,167.37,216024.78,8,32,16,32,16,61,29,123,59,203,111,461,223,880,481,1234,746
p7_zm_ver_poster_perk_revive,2,24.53,31662.10,1,37,46
asylum_start_hallway_maya,2,1426.50,1841140.00,1,71574,34193
asylum_southwing_lower_maya,2,1718.00,2217358.75,1,53122,39754
asylum_westwing_one_maya,2,3931.73,5074543.00,1,32353,25962
asylum_westwing_two_maya,2,3716.88,4797253.00,1,80173,52344
asylum_start_hallway_two_maya,2,3483.15,4495583.50,1,68123,35011
asylum_mainroom_maya,2,3795.75,4899040.50,1,35197,31466
p7_zm_zod_beast_basin,6,78.17,100896.16,8,133,97,252,247,434,507,875,936,1442,1911,2841,4241,4155,6550,5659,9083
p7_tools_jar_glass_nails_screws,2,12.44,16053.07,6,131,120,265,264,581,658,1032,1324,1527,2280,1959,3000
p7_tools_screwdriver,6,6.37,8221.49,8,31,15,31,15,31,15,31,15,31,15,31,19,43,33,52,66
p7_tools_nail,26,3.59,4633.25,8,20,8,20,8,20,8,20,8,26,18,31,28,60,72,90,120
p7_farm_tools_pliers_02,2,15.10,19483.45,8,44,16,44,16,44,16,70,34,104,56,198,116,331,292,361,440
p7_farm_tools_sickle_01,2,28.01,36154.58,8,20,16,20,16,20,16,40,28,69,60,124,134,212,242,300,354
p7_toolbox_handheld_small_red,3,27.34,35290.49,4,246,158,375,304,536,552,739,908
p7_farm_tools_pliers_01,2,12.00,15490.72,8,32,16,32,16,32,16,50,28,116,68,170,116,320,300,323,364
p7_farm_tools_wrench,5,13.28,17136.38,8,24,16,24,16,24,16,26,18,42,32,80,68,184,156,264,236
p7_farm_tools_hammer,2,20.74,26773.97,8,32,16,32,16,32,16,53,28,107,80,161,140,248,266,309,372
p7_zm_der_cabinet_lab_drawer,4,50.37,65006.53,8,38,16,38,16,44,20,84,42,148,80,235,162,343,270,473,540
firelink_shrine,2,5493.49,7090256.00,1,345131,248556
asylum_southwing_upper_maya,2,1980.55,2556226.75,1,76152,52310
p7_zm_ctl_bow_pedestal,2,94.32,121739.54,1,3933,2930
p7_zm_sha_torch_wall,3,45.30,58466.77,1,803,1040
p7_sin_bs_school_monument_02,3,139.59,180169.59,6,41,20,61,36,84,62,142,128,246,258,411,506
p7_zm_isl_zipline_base_double,2,28.17,36355.13,1,197,220
p7_zm_ver_table_bathroom_sink_single,2,310.17,400329.69,1,2995,4280
p7_urinal_bathroom,2,43.20,55752.66,8,30,16,61,32,118,64,209,142,470,398,694,650,999,1074,1420,1646
p7_zm_ver_bathtub,2,96.05,123974.80,1,2214,3151
par_soap_dispenser_bathroom_01,2,17.90,23098.69,4,443,308,866,642,1490,1285,2297,2572
asylum_sith_painting,2,63.64,82133.52,4,633,382,1135,796,1950,1594,3146,3188
asylum_underground_bossroom_maya,2,2172.45,2803910.25,1,86146,87978
p7_zm_zod_table_ritual_urn,5,24.54,31667.67,6,64,96,105,158,251,396,504,810,749,1218,990,1614
p7_zm_zod_table_ritual_cloth,2,81.20,104806.41,8,93,100,119,129,262,301,440,498,1049,1491,1814,2538,2794,4335,3687,5976
p7_zm_zod_table_ritual,2,80.64,104077.74,8,136,98,203,158,334,286,681,628,1363,1498,2442,2805,3587,4414,4502,5732
p7_inf_foy_candle_holder,3,125.08,161439.78,5,678,508,792,672,1250,1104,2013,1952,3729,4236
p7_candle_splatter,2,23.78,30694.36,8,5,4,5,4,5,4,5,4,5,4,5,4,5,4,5,4
p7_candle_sml_melt_on,4,12.16,15698.73,8,26,16,26,16,26,16,56,34,102,64,159,130,213,232,340,434
p7_candle_med_melt_on,2,11.05,14259.92,3,129,114,164,192,336,456
p7_candle_med_melt,3,11.05,14259.92,3,129,114,164,192,336,456
p7_candle_sml_on,2,6.41,8270.40,3,48,34,69,78,200,296
cob_church_candle_table_01_off,3,219.85,283751.03,3,5878,5036,10695,10072,17110,20145
asylum_outdoor_maya,2,8309.97,10725397.00,1,103140,77225
kiln_of_the_first_flame,2,16206.72,20917450.00,1,282741,266314
p7_foliage_tree_elm_english_tall_background,2,863.30,1114228.13,7,3163,2097,4105,2797,5929,4545,10491,8741,18154,18349,20871,24199,26587,34966
p7_foliage_tree_redwood_sml_01_sml,291,783.49,1011222.56,6,64,95,72,110,131,220,1100,1684,1582,2608,1950,3396
p7_foliage_tree_redwood_sml_mid_sml,291,658.91,850426.25,6,1462,844,1986,1097,3730,2987,8824,5839,9281,8012,9658,10653
p7_foliage_tree_redwood_sml_top_sml,291,544.46,702717.69,6,926,473,1360,694,2754,1654,4237,2955,5032,4908,5255,5826
p7_zm_sha_lever_metal_base,2,30.78,39729.31,1,1188,1060
p7_zm_moo_console,2,156.87,202463.56,1,63356,59479
p7_container_cardboard_box_02_wet,3,45.48,58695.91,5,46,38,72,68,133,142,221,284,368,570
p7_zm_moo_computer_rocket_launch,5,122.07,157555.64,5,621,356,999,614,2008,1276,3847,2564,5379,5067
p7_animal_testing_container,2,106.53,137499.98,5,138,100,681,584,2198,2150,3870,4318,5076,5770
sif_arena_temp,2,64189.95,82847752.00,1,283324,238808
darksouls_hollow_soldier_shield,2,52.78,68121.14,5,22,16,34,24,77,53,141,106,242,214
asylum_main_door_south_maya,2,1848.96,2386382.50,1,17250,13317
anor_londo_bossroom,2,3980.36,5137314.00,1,105610,128144
aac_storage_sheet_06,3,226.00,291689.41,3,705,518,1078,1038,1662,2079
aac_wall_clock_01,2,62.89,81174.08,4,445,221,748,461,1247,920,1975,1844
aac_storage_sheet_08,3,135.04,174297.89,3,534,461,861,923,1360,1846
aac_storage_sheet_02,2,242.87,313467.50,3,490,485,762,970,1238,1942
p7_food_sack_potato_pile_03,2,71.12,91793.70,7,103,70,235,142,345,248,487,426,920,888,1571,1785,2557,3555
aac_storage_sheet_01,3,193.46,249693.56,3,527,446,824,894,1342,1788
aac_storage_sheet_04,3,216.10,278916.94,3,496,491,773,983,1286,1966
aac_storage_sheet_05,4,343.96,443940.97,3,702,563,1144,1126,1759,2255
p7_zm_ver_powerbreaker,2,195.66,252528.92,1,1502,1842
p7_light_floodlight_sml,2,38.83,50113.19,5,123,72,195,126,348,261,561,524,1174,1050
dest_glo_paper_02_d0,2,19.00,24525.50,1,72,36
p7_debris_newspaper_corner_02,3,44.82,57841.65,8,24,16,24,16,32,22,59,44,104,83,186,167,251,278,545,558
p7_newspaper_group_02_wet,3,141.84,183063.36,8,76,49,145,98,259,197,422,345,675,592,1153,1234,2016,2469,3573,4938
p7_newspaper_group_02,2,141.84,183063.36,8,76,49,145,98,259,197,422,345,675,592,1153,1234,2016,2469,3573,4938
aac_floor_dmg_section_wood_04,4,240.76,310741.81,4,748,404,1490,842,2589,1684,4390,3370
aac_floor_dmg_section_wood_06,2,325.79,420484.34,4,718,386,1440,808,2466,1616,4247,3232
zm_asylum_bonfire_ritual_circle,2,235.15,303501.28,8,4,2,4,2,4,2,4,2,4,2,4,2,4,2,4,2
wpn_zm_perk_can_widows_wine_t9_view,3,9.64,12438.20,1,8665,12978
p7_zm_ctl_torch_wall,17,41.36,53376.21,1,1761,1774
cobblestones_street_road_01,178,132.33,170789.19,4,1619,1282,2580,2672,3997,5344,6735,10690
p7_inf_cath_stone_dmg_01_32b,27,42.73,55144.01,4,88,40,170,86,286,172,558,344
p7_inf_cath_stone_dmg_01_32a,28,48.86,63060.78,4,96,44,188,92,309,184,600,368
p7_inf_cath_stone_dmg_01_64a,24,62.21,80297.94,4,174,80,336,168,567,338,1098,676
p7_inf_cath_stone_dmg_01_single_c,12,16.40,21161.25,1,84,52
p7_zm_ctl_stone_wall_medieval_corner_90_128,8,220.75,284916.59,1,1959,2714
asylum_mainroom_floor_maya,2,2218.94,2863908.75,1,15116,15239
asylum_balcony_maya,2,4793.37,6186632.00,1,78268,53963
asylum_outmap_maya,2,112688.60,145443296.00,1,2237,2390
p7_sign_safety_vertical_highvoltage,3,14.09,18187.84,8,24,16,24,16,24,16,24,16,24,16,28,18,53,32,80,64
p7_zm_gen_flogger_trap_fuse_box,3,57.27,73922.54,1,1877,1845
wpn_t9_zm_perk_can_stamina_up_world,1,9.64,12438.19,1,8666,12978
p8_anim_zm_chaos_magic_box_debris,1,128.16,165410.53,1,52237,70814
p8_anim_zm_chaos_magic_box_base,1,96.09,124023.30,1,1750,2922
p8_anim_zm_chaos_magic_box_mod,1,8648.46,11162275.00,1,150624,210246
p8_anim_zm_chaos_magic_box,1,133.09,171779.95,1,80815,110096
p6_anim_zm_barricade_board_collision,1,159.07,205306.47,1,144,72
p7_anim_zm_barricade_board_01,1,90.18,116389.48,8,30,16,32,18,64,38,113,75,185,144,357,288,509,482,826,964
p6_anim_zm_barricade_board_01_upgrade,1,90.51,116812.21,3,56,28,308,226,540,420
p7_anim_zm_barricade_board_02,1,93.80,121070.58,8,34,16,34,16,44,24,85,48,137,92,272,186,427,310,689,624
p6_anim_zm_barricade_board_02_upgrade,1,94.59,122083.59,3,56,28,299,224,527,422
p7_anim_zm_barricade_board_03,1,94.08,121425.12,8,36,16,36,16,44,24,86,48,145,92,271,186,428,312,684,624
p6_anim_zm_barricade_board_03_upgrade,1,94.59,122083.59,3,56,28,299,224,527,422
p7_anim_zm_barricade_board_04,1,90.17,116374.05,8,28,16,36,18,64,38,115,75,186,144,366,289,502,481,826,964
p6_anim_zm_barricade_board_04_upgrade,1,90.51,116812.21,3,56,28,308,226,540,420
p7_anim_zm_barricade_board_05,1,90.35,116616.63,8,32,16,32,16,44,24,85,48,137,92,276,186,434,312,679,624
p6_anim_zm_barricade_board_05_upgrade,1,90.51,116812.21,3,56,28,308,226,540,420
p7_anim_zm_barricade_board_06,1,90.53,116849.09,8,34,16,34,16,44,24,85,48,145,92,281,186,429,312,688,624
p6_anim_zm_barricade_board_06_upgrade,1,90.51,116812.21,3,56,28,308,226,540,420
p7_zm_gen_desk_metal_115,1,92.16,118948.97,1,4852,4168
p7_zm_gen_rubble_med_06_115,1,41.88,54054.27,1,1412,2096
p7_zm_gen_rubble_med_10_115,1,27.34,35285.90,1,377,581
p7_zm_gen_file_cab_metal_115,1,116.21,149985.27,1,1749,1358
p7_cai_apt_door_large_rt_v1,1,364.57,470543.31,8,38,18,86,35,149,71,270,144,513,273,887,545,1482,908,2293,1821
p7_cai_apt_door_large_lft_v1,1,364.57,470543.31,8,38,18,87,36,152,71,266,144,515,273,897,544,1481,905,2293,1821
darksouls_bonfire_sword,1,64.04,82656.31,5,187,151,324,261,634,544,1044,1091,1621,2182
c_t9_zmb_ndu_zombie_honorguard_body1,1,109.76,141659.95,1,12070,16711
c_t9_zmb_ndu_zombie_shirtless1_head1,1,122.83,158534.67,1,3330,4700
c_t9_zmb_ndu_zombie_honorguard_body1_g_upclean,1,109.76,141659.95,1,8512,11289
c_t9_zmb_ndu_zombie_honorguard_body1_g_rarmoff,1,109.76,141659.95,1,8392,10977
c_t9_zmb_ndu_zombie_honorguard_body1_g_larmoff,1,109.76,141659.95,1,8408,10941
c_t9_zmb_ndu_zombie_shirtless1_headoff,1,27.04,34899.93,1,1042,1423
c_t9_zmb_ndu_zombie_honorguard_g_lowclean,1,74.84,96592.51,1,4146,6014
c_t9_zmb_ndu_zombie_honorguard_g_rlegoff,1,74.84,96592.51,1,3813,5252
c_t9_zmb_ndu_zombie_honorguard_g_llegoff,1,74.84,96592.51,1,3738,5186
c_t9_zmb_ndu_zombie_honorguard_g_blegsoff,1,74.84,96592.51,1,3402,4422
c_t9_zmb_ndu_zombie_shirtless2_head1_pustules,1,123.01,158765.00,1,3481,4797
c_t9_zmb_ndu_zombie_shirtless2_head3,1,122.92,158645.31,1,4446,5471
c_t9_zmb_ndu_zombie_honorguard_helmet,1,123.70,159660.44,1,2523,4160
c_t9_zmb_ndu_zombie_honorguard_hat,1,15.61,20149.02,1,1082,1498
c_t9_zmb_ndu_zombie_honorguard_body2,1,113.71,146763.34,1,12595,17163
c_t9_zmb_ndu_zombie_honorguard_body2_g_clean,1,113.71,146763.34,1,9030,11741
c_t9_zmb_ndu_zombie_honorguard_body2_g_rarmoff,1,113.71,146763.34,1,8503,10684
c_t9_zmb_ndu_zombie_honorguard_body2_g_larmoff,1,113.71,146763.34,1,8091,10391
c_t9_zmb_ndu_zombie_shirtless1,1,112.66,145404.42,1,8912,12551
c_t9_zmb_ndu_zombie_shirtless1_g_upclean,1,112.66,145404.42,1,5344,7129
c_t9_zmb_ndu_zombie_shirtless1_g_rarmoff,1,112.66,145404.42,1,4111,5422
c_t9_zmb_ndu_zombie_shirtless1_g_larmoff,1,112.66,145404.42,1,3836,5025
c_t9_zmb_ndu_zombie_shirtless2,1,106.93,138017.27,1,9346,14281
c_t9_zmb_ndu_zombie_tanktop,1,106.32,137225.42,1,8435,12578
c_t9_zmb_ndu_zombie_tanktop_head1,1,122.40,157972.06,1,3996,5888
c_t9_zmb_ndu_zombie_tanktop_g_upclean,1,106.32,137225.42,1,4831,8626
c_t9_zmb_ndu_zombie_tanktop2_g_rarmoff,1,106.32,137226.30,1,6500,8915
c_t9_zmb_ndu_zombie_tanktop2_g_larmoff,1,106.32,137225.42,1,3813,5572
c_t9_zmb_ndu_zombie_tanktop2_g_clean,1,106.32,137226.30,1,6945,9875
c_t9_zmb_ndu_zombie_tanktop_headoff,1,41.59,53681.32,1,1194,1577
c_t9_zmb_ndu_zombie_honorguard_green_g_lowclean,1,74.84,96592.51,1,4146,6014
c_t9_zmb_ndu_zombie_honorguard_green_g_rlegoff,1,74.84,96592.51,1,3813,5252
c_t9_zmb_ndu_zombie_honorguard_green_g_llegoff,1,74.84,96592.51,1,3738,5186
c_t9_zmb_ndu_zombie_honorguard_green_g_blegsoff,1,74.84,96592.51,1,3402,4422
c_t9_zmb_ndu_zombie_tanktop_head2,1,122.40,157972.06,1,3520,5162
c_t9_zmb_ndu_zombie_tanktop_head3,1,122.46,158059.83,1,3029,3955
c_t9_zmb_ndu_zombie_tanktop2,1,106.32,137226.30,1,11105,15889
c_zom_der_hellhound_fb,1,107.01,138115.27,5,1190,1390,2074,2527,3658,3363,7030,6929,15707,16522
p7_zm_mob_cell_gate_corridor,1,144.65,186699.70,1,1000,624
p7_zm_mob_cell_door_rt_60x102x2,1,204.76,264273.69,1,1542,990
p7_zm_ctl_gate_buyable_med,1,159.57,205950.48,1,13193,12965
p7_fxanim_zm_zod_summoning_key_centered,1,7.71,9948.51,1,17167,23934
p6_zm_ai_dream_catcher,1,39.23,50636.35,1,4,2
c_zom_test_body1,1,108.44,139965.70,4,364,330,867,806,1774,1739,3859,4214
ww2_circuit_breaker,1,127.83,164986.33,1,10626,9774
p8_anim_zm_al_packasplat,1,82.45,106420.13,1,25002,26459
p8_anim_zm_al_magmagat_press,1,409.05,527948.50,1,25777,27914
p7_zm_vending_packapunch,1,177.48,229062.03,8,221,121,440,243,750,486,1432,971,2433,1821,4392,3644,6532,6074,10362,12151
p7_zm_vending_packapunch_on,1,177.48,229062.03,8,221,121,440,243,750,486,1432,971,2433,1821,4392,3644,6532,6074,10362,12151
p7_zm_der2_vending_packapunch_sign_wait,1,41.05,52979.08,8,36,16,36,16,36,16,36,16,36,16,36,16,42,22,64,46
p7_zm_vending_packapunch_weapon,1,6.00,7743.99,1,24,12
p7_fxanim_zm_vending_wonder_ball_mod,1,183.08,236293.17,1,1150,1612
p7_fxanim_zm_vending_wonder_body_mod,1,191.07,246611.80,1,12910,14184
tag_origin_animate,1,0.00,0.00,1,3,1
p7_fxanim_zm_factory_diff_engine_crank_mod,1,183.69,237076.58,7,347,174,563,348,888,610,1373,1046,2683,2181,5335,4364,8441,8730
p7_fxanim_zm_factory_diff_engine_printer_mod,1,217.43,280634.09,7,222,134,433,268,758,469,1299,804,2463,1678,4170,3355,6543,6712
p7_fxanim_zm_factory_diff_engine_risers_mod,1,267.45,345183.72,7,2535,1244,4104,2490,6276,4360,10279,7474,20114,15571,44397,31143,71505,62288
p7_zm_sha_lever_metal_handle,1,93.92,121213.59,1,156,204
c_t7_zm_dlchd_shangrila_napalm_body,1,122.62,158261.67,1,9889,14750
p7_zm_gen_flogger_trap_fuse_handle,1,37.47,48355.95,1,194,242
skybox_default_black,1,1362.16,1758087.75,1,316,448
skybox_zm_cotd_kiln,1,1362.16,1758087.75,1,316,448
skybox_zm_der_riese,1,1362.16,1758087.75,1,316,448
skybox_zm_cotd,1,1362.16,1758087.75,1,316,448
wpn_t8_blundergat_view,1,44.48,57405.25,1,28814,34169
wpn_t8_blundergat_world,1,44.48,57405.25,1,23078,26160
wpn_t8_acidgat_view,1,44.48,57405.25,1,28814,34169
wpn_t8_acidgat_world,1,44.48,57405.25,1,23078,26160
t8_wpn_zmb_projectile_blundergat,1,11.37,14671.98,1,606,565
fx_char_gib_chunk_flesh01,1,5.90,7616.80,1,121,150
fx_char_gib_chunk_meat02,1,9.07,11706.89,1,93,104
wpn_t8_magmagat_view,1,44.48,57405.25,1,28814,34169
wpn_t8_magmagat_world,1,44.48,57405.25,1,23078,26160
fx_magma_splat03_mesh,1,67.79,87488.11,1,116,93
fx_magma_splat02_mesh,1,81.22,104828.11,1,119,93
p8_zm_al_packasplat_engine,1,35.02,45203.04,1,10285,9615
p8_zm_al_packasplat_iv,1,9.67,12480.96,1,1963,2653
p8_zm_al_packasplat_suitcase,1,33.08,42694.32,1,3291,3250
vm_t9_nailgun,1,23.47,30291.95,1,21714,25534
wm_t9_nailgun,1,15.71,20272.10,1,21714,25534
vm_t9_nailgun_mag,1,16.33,21079.16,1,6657,7336
wm_t9_nailgun_nail,1,2.55,3293.20,1,83,80
vm_t9_reflex_microflex_hip_scope,1,6.77,8735.21,1,6079,8373
vm_t9_reflex_microflex_ads_scope,1,6.77,8735.21,1,6048,8349
wpn_t9_raygun_view,1,24.74,31935.04,1,17851,19869
wpn_t9_raygun_world,1,24.74,31935.04,8,420,197,789,399,1423,795,2280,1394,3585,2390,6605,4973,11196,9942,17851,19869
wpn_t9_raygun_up_view,1,24.74,31935.04,1,17851,19869
wpn_t9_raygun_up_world,1,24.74,31935.04,8,420,197,789,399,1423,795,2280,1394,3585,2390,6605,4973,11196,9942,17851,19869
vm_iw8_scar17s,1,21.91,28282.29,1,23521,26309
wpn_h1_shell_762x51_npc,1,1.78,2303.20,1,127,168
wm_iw8_scar17s,1,27.41,35372.45,1,11435,10691
vm_iw8_scar17s_collapsible_stock,1,9.63,12426.48,1,7096,8513
vm_iw8_scar17s_short_barrel,1,17.11,22084.69,1,14628,16094
vm_iw8_scar17s_mag,1,8.62,11131.74,1,6852,9152
wm_iw8_scar17s_collapsible_stock,1,9.62,12422.44,1,2664,2646
wm_iw8_scar17s_short_barrel,1,17.11,22084.69,1,6884,6409
wm_iw8_scar17s_mag,1,8.64,11147.07,1,2883,3148
attach_t7_smg_ap9_barrel_02_view,1,20.56,26531.19,1,851,934
attach_t7_smg_ap9_barrel_02_world,1,13.79,17801.83,8,32,16,34,17,77,37,498,469,649,644,649,644,678,680,851,934
attach_t7_smg_ap9_ext_mag_02_view,1,15.47,19967.90,1,3826,3752
attach_t7_smg_ap9_ext_mag_02_world,1,14.15,18256.87,8,66,33,139,68,216,137,1213,1161,3032,2909,3267,3192,3267,3192,3517,3470
wpn_t7_smg_ap9_mag_view,1,10.72,13836.70,1,682,846
wpn_t7_smg_ap9_mag_world,1,9.81,12666.54,8,29,16,29,16,38,21,109,70,109,70,182,134,409,462,461,542
attach_t7_smg_ap9_fast_mag_02_view,1,3.97,5127.45,1,311,268
attach_t7_smg_ap9_fast_mag_02_world,1,3.48,4491.62,8,34,16,34,16,34,16,311,268,311,268,311,268,311,268,311,268
attach_t7_smg_ap9_handguard_02_view,1,8.86,11439.67,1,2066,1980
attach_t7_smg_ap9_handguard_02_world,1,7.39,9535.37,8,35,18,77,39,150,79,256,137,437,296,1668,1547,1928,1779,2066,1980
attach_t7_smg_ap9_foregrip_02_view,1,10.15,13101.47,1,1211,1476
attach_t7_smg_ap9_foregrip_02_world,1,9.02,11639.93,8,33,14,53,28,109,58,553,592,773,796,875,902,1211,1476,1211,1476
attach_t7_smg_ap9_grip_02_view,1,10.41,13430.41,1,2796,3474
attach_t7_smg_ap9_grip_02_world,1,9.54,12307.01,8,63,34,136,69,257,133,1801,1977,1975,2129,2109,2301,2567,3060,2796,3474
attach_t7_smg_ap9_bolt_02_view,1,2.69,3472.97,1,251,274
attach_t7_smg_ap9_bolt_02_world,1,2.45,3164.49,8,30,13,30,13,30,13,212,202,212,202,212,202,212,202,251,274
attach_t7_smg_ap9_stock_02_view,1,14.27,18422.82,1,1999,2310
attach_t7_smg_ap9_stock_02_world,1,13.13,16941.71,8,55,22,92,46,158,91,457,300,1380,1399,1380,1399,1581,1690,1999,2310
attach_t7_smg_ap9_dbal_02_view,1,4.70,6061.98,1,2684,3604
attach_t7_smg_ap9_dbal_02_world,1,4.11,5299.24,8,73,36,132,72,238,143,1364,1383,1364,1383,1670,1815,1966,2297,2684,3604
attach_t7_smg_ap9_silencer_02_view,1,15.10,19488.02,1,1852,2308
attach_t7_smg_ap9_silencer_02_world,1,12.74,16440.77,8,52,23,96,46,158,92,425,300,1232,1291,1381,1502,1704,2024,1852,2308
vm_iw8_scar17s_extmag2,1,10.89,14056.38,1,6538,8736
wm_iw8_scar17s_extmag2,1,10.89,14050.69,1,2413,2632
vm_iw8_uzi,1,20.48,26434.82,1,31980,39334
wpn_h1_shell_9mm_npc,1,0.82,1054.01,1,120,140
wm_iw8_uzi,1,16.06,20726.06,1,11124,10426
vm_iw8_uzi_stock,1,15.92,20544.04,1,3316,3761
vm_iw8_uzi_barrel,1,7.52,9699.53,1,204,216
vm_iw8_uzi_mag,1,9.19,11863.36,1,3600,3832
wm_iw8_uzi_stock,1,15.91,20540.30,1,1136,1097
wm_iw8_uzi_barrel,1,7.51,9693.20,1,96,84
wm_iw8_uzi_mag,1,9.19,11863.36,1,1327,1176
vm_iw8_uzi_extmag2,1,9.21,11889.79,1,8776,8834
wm_iw8_uzi_extmag2,1,9.20,11880.14,1,3290,2612
vm_iw8_aug,1,35.33,45593.07,1,18423,24205
wm_iw8_aug_smg,1,27.31,35242.90,1,7045,6949
vm_iw8_aug_barrel,1,12.30,15876.13,1,4898,5807
vm_iw8_aug_ar_mag,1,10.12,13067.13,1,8408,10332
wm_iw8_aug_barrel,1,12.30,15875.97,1,1608,1628
wm_iw8_aug_ar_mag,1,10.12,13067.13,1,4132,3516
vm_iw8_aug_ar_barrel2,1,14.22,18353.28,1,5044,5819
wm_iw8_aug_ar_barrel2,1,14.21,18338.28,1,2050,1983
vm_s2_ppsh41,1,36.27,46816.91,1,18168,21402
wm_s2_ppsh41,1,40.29,51995.00,1,4750,4301
wm_s2_ppsh41_mag,1,13.17,17002.90,1,1166,985
wm_s2_ppsh41_extmag,1,6.60,8522.52,1,444,410
c_zom_dlc4_apothicon_fury_dissolve,1,101.07,130446.56,1,7753,12340
